-- MySQL dump 10.13  Distrib 5.7.29, for Linux (x86_64)
--
-- Host: localhost    Database: vk
-- ------------------------------------------------------
-- Server version	5.7.29-0ubuntu0.18.04.1

/*!40101 SET @OLD_CHARACTER_SET_CLIENT=@@CHARACTER_SET_CLIENT */;
/*!40101 SET @OLD_CHARACTER_SET_RESULTS=@@CHARACTER_SET_RESULTS */;
/*!40101 SET @OLD_COLLATION_CONNECTION=@@COLLATION_CONNECTION */;
/*!40101 SET NAMES utf8 */;
/*!40103 SET @OLD_TIME_ZONE=@@TIME_ZONE */;
/*!40103 SET TIME_ZONE='+00:00' */;
/*!40014 SET @OLD_UNIQUE_CHECKS=@@UNIQUE_CHECKS, UNIQUE_CHECKS=0 */;
/*!40014 SET @OLD_FOREIGN_KEY_CHECKS=@@FOREIGN_KEY_CHECKS, FOREIGN_KEY_CHECKS=0 */;
/*!40101 SET @OLD_SQL_MODE=@@SQL_MODE, SQL_MODE='NO_AUTO_VALUE_ON_ZERO' */;
/*!40111 SET @OLD_SQL_NOTES=@@SQL_NOTES, SQL_NOTES=0 */;

--
-- Table structure for table `communities`
--

DROP TABLE IF EXISTS `communities`;
/*!40101 SET @saved_cs_client     = @@character_set_client */;
/*!40101 SET character_set_client = utf8 */;
CREATE TABLE `communities` (
  `id` int(10) unsigned NOT NULL AUTO_INCREMENT,
  `name` varchar(150) NOT NULL,
  PRIMARY KEY (`id`),
  UNIQUE KEY `name` (`name`)
) ENGINE=InnoDB AUTO_INCREMENT=51 DEFAULT CHARSET=latin1;
/*!40101 SET character_set_client = @saved_cs_client */;

--
-- Dumping data for table `communities`
--

LOCK TABLES `communities` WRITE;
/*!40000 ALTER TABLE `communities` DISABLE KEYS */;
INSERT INTO `communities` VALUES (41,'After a while she was in managing her flamingo: she succeeded in bringing herself down to look through into the garden. Then she went back to the.'),(25,'Alice as it can\'t possibly make me grow larger, I can creep under the sea,\' the Gryphon went on, without attending to her; \'but those serpents!.'),(27,'Alice could not tell whether they were gardeners, or soldiers, or courtiers, or three pairs of tiny white kid gloves in one hand and a large canvas.'),(45,'Alice said very politely, \'for I can\'t see you?\' She was walking by the time he was obliged to write out a box of comfits, (luckily the salt water.'),(3,'Alice went on, \'you throw the--\' \'The lobsters!\' shouted the Queen, who was trembling down to them, they were filled with cupboards and.'),(12,'Alice, and she was quite a conversation of it now in sight, hurrying down it. There could be beheaded, and that you think I could, if I know I do!\'.'),(23,'Alice, that she might as well say,\' added the Dormouse. \'Write that down,\' the King say in a melancholy tone: \'it doesn\'t seem to be\"--or if you\'d.'),(31,'Alice, with a lobster as a boon, Was kindly permitted to pocket the spoon: While the Duchess by this very sudden change, but very glad to find it.'),(42,'Alice. \'Reeling and Writhing, of course, Alice could only hear whispers now and then; such as, that a red-hot poker will burn you if you wouldn\'t.'),(5,'Alice: \'three inches is such a noise inside, no one else seemed inclined to say when I was a general clapping of hands at this: it was addressed to.'),(35,'Alice; and Alice joined the procession, wondering very much of it at all,\' said the King. On this the White Rabbit, who was sitting on a.'),(28,'An obstacle that came between Him, and ourselves, and it. Don\'t let me help to undo it!\' \'I shall sit here,\' he said, \'on and off, for days and.'),(29,'And she began very cautiously: \'But I don\'t remember where.\' \'Well, it must make me smaller, I suppose.\' So she set to work very carefully, nibbling.'),(50,'And the Gryphon in an offended tone, and everybody laughed, \'Let the jury had a head could be no sort of life! I do it again and again.\' \'You are.'),(9,'ARE OLD, FATHER WILLIAM,\"\' said the King. \'Nothing whatever,\' said Alice. \'Why, SHE,\' said the Hatter: \'I\'m on the trumpet, and then Alice put down.'),(43,'Cat only grinned a little timidly: \'but it\'s no use in knocking,\' said the King, \'or I\'ll have you executed.\' The miserable Hatter dropped his.'),(40,'Caterpillar contemptuously. \'Who are YOU?\' said the Mock Turtle to the seaside once in a sorrowful tone, \'I\'m afraid I don\'t like the wind, and was.'),(8,'Caterpillar. \'Well, I can\'t understand it myself to begin with.\' \'A barrowful will do, to begin with.\' \'A barrowful of WHAT?\' thought Alice; \'only,.'),(48,'Caterpillar. \'Well, I never was so full of smoke from one foot to the end of your nose-- What made you so awfully clever?\' \'I have answered three.'),(37,'Duchess, the Duchess! Oh! won\'t she be savage if I\'ve kept her eyes to see it trot away quietly into the sky. Twinkle, twinkle--\"\' Here the Dormouse.'),(38,'Footman continued in the same thing as a boon, Was kindly permitted to pocket the spoon: While the Duchess said in a frightened tone. \'The Queen.'),(46,'Footman went on growing, and, as she could not help bursting out laughing: and when she found she could do, lying down on her spectacles, and began.'),(11,'French lesson-book. The Mouse gave a little different. But if I\'m Mabel, I\'ll stay down here with me! There are no mice in the air. Even the Duchess.'),(30,'Hatter. \'It isn\'t mine,\' said the Hatter; \'so I should be like then?\' And she began fancying the sort of thing that would be like, but it all came.'),(22,'Hatter: and in his note-book, cackled out \'Silence!\' and read out from his book, \'Rule Forty-two. ALL PERSONS MORE THAN A MILE HIGH TO LEAVE THE.'),(7,'However, the Multiplication Table doesn\'t signify: let\'s try Geography. London is the use of a treacle-well--eh, stupid?\' \'But they were all.'),(49,'I had to double themselves up and throw us, with the end of the reeds--the rattling teacups would change to dull reality--the grass would be only.'),(33,'I hadn\'t gone down that rabbit-hole--and yet--and yet--it\'s rather curious, you know, as we were. My notion was that she did so, and giving it.'),(1,'I suppose, by being drowned in my life!\' She had quite forgotten the words.\' So they sat down, and felt quite strange at first; but she stopped.'),(21,'I think you\'d better finish the story for yourself.\' \'No, please go on!\' Alice said to herself how she was quite out of his teacup and.'),(24,'I will just explain to you how it was only a child!\' The Queen smiled and passed on. \'Who ARE you talking to?\' said one of the jurymen. \'No, they\'re.'),(16,'I\'m I, and--oh dear, how puzzling it all is! I\'ll try if I might venture to say it out to sea as you can--\' \'Swim after them!\' screamed the Queen..'),(36,'March Hare. \'He denies it,\' said Five, in a large rabbit-hole under the circumstances. There was no \'One, two, three, and away,\' but they all.'),(19,'March Hare: she thought it would not join the dance? Will you, won\'t you, will you join the dance?\"\' \'Thank you, sir, for your walk!\" \"Coming in a.'),(20,'Oh, how I wish you were all talking at once, and ran till she was now more than Alice could think of what sort it was) scratching and scrambling.'),(34,'Pray, what is the same size for going through the wood. \'If it had finished this short speech, they all looked puzzled.) \'He must have prizes.\' \'But.'),(6,'Queen of Hearts, she made out the proper way of escape, and wondering what to say anything. \'Why,\' said the Hatter. \'I told you butter wouldn\'t suit.'),(26,'Queen said severely \'Who is it I can\'t put it right; \'not that it felt quite strange at first; but she could remember about ravens and.'),(18,'Queen, and Alice was beginning to grow to my right size: the next thing is, to get into her head. \'If I eat or drink under the hedge. In another.'),(39,'Queen. \'Can you play croquet?\' The soldiers were always getting up and picking the daisies, when suddenly a footman because he was going on.'),(44,'She felt very lonely and low-spirited. In a minute or two, and the game was in confusion, getting the Dormouse shall!\' they both cried. \'Wake up,.'),(13,'So she went on growing, and, as the soldiers shouted in reply. \'Please come back with the lobsters to the Knave. The Knave of Hearts, she made out.'),(2,'SOMEBODY ought to be ashamed of yourself for asking such a nice little dog near our house I should be raving mad--at least not so mad as it was.'),(4,'Take your choice!\' The Duchess took her choice, and was beating her violently with its head, it WOULD twist itself round and swam slowly back to the.'),(32,'The great question certainly was, what? Alice looked all round her at the stick, and tumbled head over heels in its sleep \'Twinkle, twinkle,.'),(15,'The Gryphon lifted up both its paws in surprise. \'What! Never heard of uglifying!\' it exclaimed. \'You know what to do, and perhaps after all it.'),(14,'There was a table, with a lobster as a last resource, she put them into a pig, and she went on: \'But why did they live at the top with its legs.'),(10,'WAS a curious dream!\' said Alice, a good deal frightened at the proposal. \'Then the Dormouse shook its head to hide a smile: some of the leaves: \'I.'),(47,'While she was now, and she at once and put back into the open air. \'IF I don\'t want YOU with us!\"\' \'They were learning to draw, you know--\'.'),(17,'White Rabbit, trotting slowly back again, and did not venture to say than his first speech. \'You should learn not to be seen: she found she had been.');
/*!40000 ALTER TABLE `communities` ENABLE KEYS */;
UNLOCK TABLES;

--
-- Table structure for table `communities_users`
--

DROP TABLE IF EXISTS `communities_users`;
/*!40101 SET @saved_cs_client     = @@character_set_client */;
/*!40101 SET character_set_client = utf8 */;
CREATE TABLE `communities_users` (
  `community_id` int(10) unsigned NOT NULL,
  `user_id` int(10) unsigned NOT NULL,
  PRIMARY KEY (`community_id`,`user_id`)
) ENGINE=InnoDB DEFAULT CHARSET=latin1;
/*!40101 SET character_set_client = @saved_cs_client */;

--
-- Dumping data for table `communities_users`
--

LOCK TABLES `communities_users` WRITE;
/*!40000 ALTER TABLE `communities_users` DISABLE KEYS */;
INSERT INTO `communities_users` VALUES (1,1),(1,51),(2,2),(2,52),(3,3),(3,53),(4,4),(4,54),(5,5),(5,55),(6,6),(6,56),(7,7),(7,57),(8,8),(8,58),(9,9),(9,59),(10,10),(10,60),(11,11),(11,61),(12,12),(12,62),(13,13),(13,63),(14,14),(14,64),(15,15),(15,65),(16,16),(16,66),(17,17),(17,67),(18,18),(18,68),(19,19),(19,69),(20,20),(20,70),(21,21),(21,71),(22,22),(22,72),(23,23),(23,73),(24,24),(24,74),(25,25),(25,75),(26,26),(26,76),(27,27),(27,77),(28,28),(28,78),(29,29),(29,79),(30,30),(30,80),(31,31),(31,81),(32,32),(32,82),(33,33),(33,83),(34,34),(34,84),(35,35),(35,85),(36,36),(36,86),(37,37),(37,87),(38,38),(38,88),(39,39),(39,89),(40,40),(40,90),(41,41),(41,91),(42,42),(42,92),(43,43),(43,93),(44,44),(44,94),(45,45),(45,95),(46,46),(46,96),(47,47),(47,97),(48,48),(48,98),(49,49),(49,99),(50,50),(50,100);
/*!40000 ALTER TABLE `communities_users` ENABLE KEYS */;
UNLOCK TABLES;

--
-- Table structure for table `friendship`
--

DROP TABLE IF EXISTS `friendship`;
/*!40101 SET @saved_cs_client     = @@character_set_client */;
/*!40101 SET character_set_client = utf8 */;
CREATE TABLE `friendship` (
  `user_id` int(10) unsigned NOT NULL,
  `friend_id` int(10) unsigned NOT NULL,
  `status_id` int(10) unsigned NOT NULL,
  `requested_at` datetime DEFAULT CURRENT_TIMESTAMP,
  `confirmed_at` datetime DEFAULT NULL,
  PRIMARY KEY (`user_id`,`friend_id`)
) ENGINE=InnoDB DEFAULT CHARSET=latin1;
/*!40101 SET character_set_client = @saved_cs_client */;

--
-- Dumping data for table `friendship`
--

LOCK TABLES `friendship` WRITE;
/*!40000 ALTER TABLE `friendship` DISABLE KEYS */;
INSERT INTO `friendship` VALUES (1,1,3,'1994-10-13 00:00:00','1981-10-26 00:00:00'),(2,2,5,'2014-04-19 00:00:00','1983-10-28 00:00:00'),(3,3,5,'1990-06-26 00:00:00','1977-09-07 00:00:00'),(4,4,5,'1983-10-10 00:00:00','2001-08-28 00:00:00'),(5,5,4,'1993-07-28 00:00:00','1995-06-24 00:00:00'),(6,6,5,'2010-03-04 00:00:00','1993-10-22 00:00:00'),(7,7,4,'1979-06-11 00:00:00','1974-02-26 00:00:00'),(8,8,2,'2005-03-02 00:00:00','2019-06-14 00:00:00'),(9,9,4,'1974-02-08 00:00:00','1988-01-25 00:00:00'),(10,10,3,'1973-08-18 00:00:00','2016-08-05 00:00:00'),(11,11,3,'2007-08-18 00:00:00','1972-11-14 00:00:00'),(12,12,5,'2006-06-28 00:00:00','1974-08-25 00:00:00'),(13,13,2,'2013-04-24 00:00:00','1997-05-30 00:00:00'),(14,14,4,'1997-07-31 00:00:00','2014-02-26 00:00:00'),(15,15,5,'2018-08-27 00:00:00','1989-02-16 00:00:00'),(16,16,2,'1983-05-06 00:00:00','1985-01-06 00:00:00'),(17,17,2,'1984-06-08 00:00:00','2013-10-02 00:00:00'),(18,18,1,'1971-05-26 00:00:00','1983-09-08 00:00:00'),(19,19,5,'1995-05-30 00:00:00','1981-02-11 00:00:00'),(20,20,5,'1981-11-28 00:00:00','2017-06-12 00:00:00'),(21,21,3,'1972-06-29 00:00:00','2006-04-09 00:00:00'),(22,22,1,'2000-06-06 00:00:00','1988-12-30 00:00:00'),(23,23,2,'1991-04-24 00:00:00','1977-01-29 00:00:00'),(24,24,2,'2010-03-13 00:00:00','1971-06-23 00:00:00'),(25,25,5,'1991-03-21 00:00:00','1976-03-20 00:00:00'),(26,26,5,'1981-02-13 00:00:00','1982-05-29 00:00:00'),(27,27,5,'1978-10-08 00:00:00','2017-12-21 00:00:00'),(28,28,1,'1995-04-14 00:00:00','2016-01-17 00:00:00'),(29,29,4,'1974-05-18 00:00:00','1987-06-28 00:00:00'),(30,30,2,'2014-12-04 00:00:00','1976-02-23 00:00:00'),(31,31,4,'1975-11-11 00:00:00','1970-08-29 00:00:00'),(32,32,1,'2003-05-04 00:00:00','1991-09-24 00:00:00'),(33,33,1,'1978-11-10 00:00:00','2017-03-01 00:00:00'),(34,34,1,'1984-02-19 00:00:00','1980-01-05 00:00:00'),(35,35,2,'2006-04-13 00:00:00','2012-09-13 00:00:00'),(36,36,1,'1985-01-18 00:00:00','1999-10-01 00:00:00'),(37,37,3,'1973-03-04 00:00:00','2009-03-28 00:00:00'),(38,38,2,'2003-08-14 00:00:00','2002-07-09 00:00:00'),(39,39,5,'1988-04-16 00:00:00','1972-04-21 00:00:00'),(40,40,4,'1973-12-06 00:00:00','1978-03-29 00:00:00'),(41,41,5,'2009-02-26 00:00:00','1979-05-10 00:00:00'),(42,42,5,'1976-06-21 00:00:00','1973-12-21 00:00:00'),(43,43,1,'1997-12-11 00:00:00','2008-04-24 00:00:00'),(44,44,1,'2009-05-30 00:00:00','2020-04-20 00:00:00'),(45,45,2,'1977-07-09 00:00:00','2011-10-17 00:00:00'),(46,46,1,'1997-02-26 00:00:00','2019-10-13 00:00:00'),(47,47,4,'2004-04-07 00:00:00','2008-10-19 00:00:00'),(48,48,3,'2011-01-30 00:00:00','2014-01-05 00:00:00'),(49,49,4,'1971-03-20 00:00:00','1986-05-09 00:00:00'),(50,50,2,'1973-10-28 00:00:00','2009-09-19 00:00:00'),(51,51,3,'2014-05-17 00:00:00','2005-05-04 00:00:00'),(52,52,1,'1990-04-18 00:00:00','2019-11-15 00:00:00'),(53,53,2,'1977-03-12 00:00:00','1994-11-24 00:00:00'),(54,54,4,'1995-12-10 00:00:00','1999-02-17 00:00:00'),(55,55,3,'2001-02-19 00:00:00','1998-11-16 00:00:00'),(56,56,3,'2003-02-08 00:00:00','1973-04-28 00:00:00'),(57,57,5,'1982-09-24 00:00:00','2006-06-04 00:00:00'),(58,58,1,'1970-02-04 00:00:00','1985-06-02 00:00:00'),(59,59,4,'1978-07-20 00:00:00','1978-04-09 00:00:00'),(60,60,3,'2003-07-16 00:00:00','2006-05-22 00:00:00'),(61,61,4,'2006-12-17 00:00:00','2004-07-22 00:00:00'),(62,62,3,'1984-05-14 00:00:00','1976-09-14 00:00:00'),(63,63,4,'2007-11-20 00:00:00','1993-07-17 00:00:00'),(64,64,4,'2006-07-22 00:00:00','2018-02-14 00:00:00'),(65,65,5,'1970-12-31 00:00:00','2009-11-24 00:00:00'),(66,66,2,'1988-11-16 00:00:00','1971-06-26 00:00:00'),(67,67,1,'1975-11-26 00:00:00','1993-09-16 00:00:00'),(68,68,4,'2013-04-20 00:00:00','1977-03-19 00:00:00'),(69,69,4,'2003-01-12 00:00:00','2008-06-23 00:00:00'),(70,70,1,'2013-01-12 00:00:00','1981-10-09 00:00:00'),(71,71,3,'2009-05-29 00:00:00','1972-05-03 00:00:00'),(72,72,3,'2008-12-08 00:00:00','1988-05-29 00:00:00'),(73,73,1,'1990-05-28 00:00:00','1986-06-16 00:00:00'),(74,74,3,'2016-10-07 00:00:00','1970-03-21 00:00:00'),(75,75,1,'1989-03-11 00:00:00','2014-10-27 00:00:00'),(76,76,5,'2001-01-28 00:00:00','1972-04-30 00:00:00'),(77,77,3,'2003-05-10 00:00:00','2010-06-24 00:00:00'),(78,78,2,'2012-07-05 00:00:00','1976-09-05 00:00:00'),(79,79,3,'1990-01-25 00:00:00','1989-09-13 00:00:00'),(80,80,5,'1978-01-31 00:00:00','1985-12-26 00:00:00'),(81,81,2,'2006-03-17 00:00:00','1990-09-02 00:00:00'),(82,82,5,'1982-12-23 00:00:00','1978-10-25 00:00:00'),(83,83,3,'2000-02-16 00:00:00','1977-05-23 00:00:00'),(84,84,1,'2006-07-06 00:00:00','1976-12-16 00:00:00'),(85,85,4,'1999-06-14 00:00:00','2001-03-27 00:00:00'),(86,86,5,'1996-10-22 00:00:00','1970-03-22 00:00:00'),(87,87,2,'1978-05-15 00:00:00','1976-03-19 00:00:00'),(88,88,4,'1971-07-21 00:00:00','2004-08-16 00:00:00'),(89,89,2,'2006-12-13 00:00:00','2018-03-05 00:00:00'),(90,90,1,'2013-08-07 00:00:00','2017-07-18 00:00:00'),(91,91,1,'1998-05-17 00:00:00','1978-09-14 00:00:00'),(92,92,1,'2000-07-01 00:00:00','2010-06-26 00:00:00'),(93,93,2,'2019-01-03 00:00:00','1997-03-22 00:00:00'),(94,94,4,'1992-05-28 00:00:00','2008-08-18 00:00:00'),(95,95,5,'1998-07-15 00:00:00','2015-12-06 00:00:00'),(96,96,4,'1972-01-04 00:00:00','2004-12-16 00:00:00'),(97,97,4,'1977-08-11 00:00:00','1999-01-12 00:00:00'),(98,98,5,'1971-01-03 00:00:00','1985-09-09 00:00:00'),(99,99,4,'1986-02-07 00:00:00','1999-01-09 00:00:00'),(100,100,1,'2012-09-28 00:00:00','1994-10-22 00:00:00');
/*!40000 ALTER TABLE `friendship` ENABLE KEYS */;
UNLOCK TABLES;

--
-- Table structure for table `friendship_statuses`
--

DROP TABLE IF EXISTS `friendship_statuses`;
/*!40101 SET @saved_cs_client     = @@character_set_client */;
/*!40101 SET character_set_client = utf8 */;
CREATE TABLE `friendship_statuses` (
  `id` int(10) unsigned NOT NULL AUTO_INCREMENT,
  `name` varchar(200) DEFAULT NULL,
  PRIMARY KEY (`id`),
  UNIQUE KEY `name` (`name`)
) ENGINE=InnoDB AUTO_INCREMENT=21 DEFAULT CHARSET=latin1;
/*!40101 SET character_set_client = @saved_cs_client */;

--
-- Dumping data for table `friendship_statuses`
--

LOCK TABLES `friendship_statuses` WRITE;
/*!40000 ALTER TABLE `friendship_statuses` DISABLE KEYS */;
INSERT INTO `friendship_statuses` VALUES (4,'42% of people who graduate from college never read another book.'),(13,'A telephone survey says that 51 percent of college students drink until they pass out at least once a month. The other 49 percent didnt answer the phone.'),(8,'A whale ship was my Yale College and my Harvard.'),(15,'College is a place where some pursue learning and others learn pursuing.'),(6,'College is the best time of your life. When else are your parents going to spend several thousand dollars a year just for you to go to a strange town and get drunk every night'),(18,'College is the only time in which being poor and drunk is acceptable.'),(20,'Colleges dont make fools, they only develop them.'),(17,'Dont do drugs kids. Theres a time and place for everything. Its called college.'),(12,'Hug a stressed college student. It helps a lot.'),(9,'I hate you but I cant stop loving you.'),(11,'I have never let schooling interfere with my education.'),(19,'I only want to write. And theres no college for that except life.'),(14,'Love letter Have a sweet school and college memories.'),(2,'Now, I am going to start with my professional life. I just wish all my friends and acquaintances all the best for their future endeavors. I hope to stay connected with you all. God Bless you.'),(5,'One funny thing about college life is that, teachers make you sleep during day and friends dont let you to sleep at night.'),(16,'One of the great mind destroyers of college education is the belief that if its very complex, its very profound.'),(10,'The purpose of the university is to make students safe for ideas not ideas safe for students.'),(1,'The sex is definitely part of college life.'),(7,'While I was (in college) I was exposed to this world that I didnt know was possible.'),(3,'Your college friends know who you are, but your high school friends know why.');
/*!40000 ALTER TABLE `friendship_statuses` ENABLE KEYS */;
UNLOCK TABLES;

--
-- Table structure for table `media`
--

DROP TABLE IF EXISTS `media`;
/*!40101 SET @saved_cs_client     = @@character_set_client */;
/*!40101 SET character_set_client = utf8 */;
CREATE TABLE `media` (
  `id` int(10) unsigned NOT NULL AUTO_INCREMENT,
  `media_type_id` int(10) unsigned NOT NULL,
  `user_id` int(10) unsigned NOT NULL,
  `filename` varchar(255) NOT NULL,
  `size` int(11) NOT NULL,
  `metadata` longtext CHARACTER SET utf8mb4 COLLATE utf8mb4_bin,
  `created_at` datetime DEFAULT CURRENT_TIMESTAMP,
  `updated_at` datetime DEFAULT CURRENT_TIMESTAMP ON UPDATE CURRENT_TIMESTAMP,
  PRIMARY KEY (`id`)
) ENGINE=InnoDB AUTO_INCREMENT=101 DEFAULT CHARSET=latin1;
/*!40101 SET character_set_client = @saved_cs_client */;

--
-- Dumping data for table `media`
--

LOCK TABLES `media` WRITE;
/*!40000 ALTER TABLE `media` DISABLE KEYS */;
INSERT INTO `media` VALUES (1,1,1,'application/vnd.rn-realmedia-vbr',596,NULL,'2017-03-05 09:36:05','2010-06-03 18:02:32'),(2,2,2,'application/vnd.sun.xml.draw',1081,NULL,'2013-11-18 22:13:04','2018-12-10 00:29:49'),(3,3,3,'application/x-xliff+xml',1897,NULL,'2010-06-07 20:31:39','2013-01-07 02:01:42'),(4,4,4,'application/vnd.kde.karbon',9,NULL,'2014-12-05 16:09:30','2012-06-05 21:07:45'),(5,5,5,'application/vnd.tcpdump.pcap',1369,NULL,'2010-08-09 14:40:48','2013-08-28 00:21:41'),(6,6,6,'application/vnd.ms-fontobject',527,NULL,'2011-08-18 09:06:20','2016-07-21 17:49:43'),(7,7,7,'text/x-pascal',1834,NULL,'2018-02-14 09:41:57','2018-06-21 14:13:14'),(8,8,8,'video/mp4',166,NULL,'2018-08-15 12:41:32','2014-05-22 07:20:53'),(9,9,9,'video/webm',579,NULL,'2016-05-08 03:10:38','2017-04-12 02:23:12'),(10,10,10,'audio/x-flac',1220,NULL,'2011-05-08 04:42:13','2017-09-24 19:16:04'),(11,11,11,'video/x-ms-wmx',1622,NULL,'2019-05-07 10:44:27','2011-11-24 21:27:45'),(12,12,12,'application/vnd.kinar',768,NULL,'2015-12-01 21:52:24','2011-11-28 20:58:42'),(13,13,13,'application/xcap-diff+xml',1722,NULL,'2017-12-18 05:05:43','2011-04-01 14:00:12'),(14,14,14,'image/vnd.dece.graphic',1510,NULL,'2010-12-06 18:13:24','2017-12-26 09:20:38'),(15,15,15,'application/vnd.llamagraphics.life-balance.desktop',656,NULL,'2014-01-25 19:16:32','2014-11-23 02:14:48'),(16,16,16,'application/vnd.triscape.mxs',422,NULL,'2018-12-31 09:54:38','2011-11-28 23:34:40'),(17,17,17,'application/vnd.lotus-freelance',1940,NULL,'2018-01-29 00:46:38','2019-12-18 23:06:58'),(18,18,18,'audio/vnd.rip',744,NULL,'2016-03-05 10:21:44','2010-07-27 23:38:15'),(19,19,19,'application/vnd.semd',740,NULL,'2013-12-27 03:22:05','2012-08-28 03:10:10'),(20,20,20,'text/vnd.fly',802,NULL,'2017-07-04 10:29:22','2015-01-14 12:36:11'),(21,1,21,'application/vnd.semd',1874,NULL,'2018-11-28 07:03:24','2018-02-26 10:21:16'),(22,2,22,'application/msword',181,NULL,'2020-04-10 15:38:14','2014-07-19 22:34:14'),(23,3,23,'application/wspolicy+xml',1695,NULL,'2014-02-09 15:20:41','2016-11-28 16:04:51'),(24,4,24,'application/mp4',628,NULL,'2014-08-13 22:34:40','2010-07-02 17:34:11'),(25,5,25,'text/x-uuencode',788,NULL,'2010-06-27 14:27:06','2019-09-16 08:32:56'),(26,6,26,'application/vnd.sun.xml.writer.template',1806,NULL,'2019-03-17 07:04:47','2019-05-29 06:24:48'),(27,7,27,'application/java-archive',1514,NULL,'2015-09-16 08:08:22','2020-01-27 16:42:46'),(28,8,28,'application/javascript',952,NULL,'2015-05-27 03:04:40','2014-02-02 05:03:14'),(29,9,29,'application/vnd.kinar',1832,NULL,'2014-05-19 09:28:05','2014-11-19 21:54:20'),(30,10,30,'application/pgp-signature',997,NULL,'2011-04-24 04:06:23','2015-10-19 17:25:54'),(31,11,31,'image/x-xpixmap',1671,NULL,'2010-05-21 21:56:06','2013-10-31 09:47:05'),(32,12,32,'application/x-shar',864,NULL,'2013-06-01 10:22:05','2014-08-02 09:25:50'),(33,13,33,'video/quicktime',318,NULL,'2011-07-11 12:28:45','2018-02-25 10:36:35'),(34,14,34,'application/vnd.oasis.opendocument.text',1052,NULL,'2014-04-29 03:57:40','2012-07-12 11:18:09'),(35,15,35,'application/x-t3vm-image',858,NULL,'2017-11-03 08:47:14','2020-03-10 04:09:31'),(36,16,36,'application/vnd.wap.wmlscriptc',1256,NULL,'2016-02-17 16:17:58','2020-02-22 18:16:31'),(37,17,37,'application/vnd.umajin',1496,NULL,'2017-08-06 08:43:59','2012-03-30 01:21:31'),(38,18,38,'application/vnd.hydrostatix.sof-data',1937,NULL,'2010-09-15 12:49:18','2013-03-03 13:55:50'),(39,19,39,'application/zip',618,NULL,'2010-09-20 19:37:34','2019-11-17 05:21:09'),(40,20,40,'image/x-portable-bitmap',1136,NULL,'2017-02-18 19:06:47','2016-09-21 17:33:21'),(41,1,41,'application/vnd.oasis.opendocument.text-template',7,NULL,'2013-07-24 04:41:02','2014-09-09 10:24:05'),(42,2,42,'text/n3',667,NULL,'2019-08-22 22:04:44','2016-04-25 18:01:07'),(43,3,43,'text/vnd.curl.mcurl',1592,NULL,'2018-12-01 20:08:26','2016-08-14 13:42:16'),(44,4,44,'application/vnd.stepmania.stepchart',924,NULL,'2010-08-17 19:41:10','2018-03-20 09:55:30'),(45,5,45,'application/vnd.oasis.opendocument.chart-template',1067,NULL,'2016-02-03 01:38:10','2014-11-13 06:26:58'),(46,6,46,'application/x-sh',389,NULL,'2019-01-16 14:35:58','2016-09-27 20:31:31'),(47,7,47,'application/vnd.ms-pki.stl',401,NULL,'2011-03-02 23:14:42','2018-04-18 07:00:56'),(48,8,48,'video/x-ms-vob',232,NULL,'2012-04-07 15:16:49','2019-03-13 13:19:16'),(49,9,49,'video/vnd.dece.hd',721,NULL,'2018-04-27 02:25:40','2016-04-17 13:00:50'),(50,10,50,'application/vnd.oasis.opendocument.formula-template',311,NULL,'2013-08-25 16:00:10','2012-11-05 09:45:07'),(51,11,51,'video/x-ms-wm',1520,NULL,'2018-04-04 03:45:11','2013-01-11 03:14:47'),(52,12,52,'image/webp',383,NULL,'2011-10-10 12:10:11','2015-09-23 20:48:55'),(53,13,53,'image/webp',749,NULL,'2017-06-04 12:13:36','2015-12-25 20:12:42'),(54,14,54,'application/vnd.ms-powerpoint.slideshow.macroenabled.12',962,NULL,'2011-04-24 02:25:52','2010-11-03 22:20:38'),(55,15,55,'application/vnd.lotus-organizer',1879,NULL,'2010-10-23 11:17:19','2017-01-08 16:37:32'),(56,16,56,'application/pkix-pkipath',900,NULL,'2016-03-05 20:27:25','2011-09-16 13:09:07'),(57,17,57,'text/cache-manifest',1260,NULL,'2017-03-08 01:19:50','2018-01-02 22:56:46'),(58,18,58,'image/vnd.adobe.photoshop',469,NULL,'2015-07-19 15:54:32','2018-05-30 16:50:52'),(59,19,59,'text/sgml',51,NULL,'2016-04-04 21:50:56','2018-02-27 11:35:59'),(60,20,60,'application/x-install-instructions',1635,NULL,'2012-03-02 21:42:58','2013-12-19 03:19:30'),(61,1,61,'video/vnd.dece.mobile',267,NULL,'2011-04-04 20:47:14','2016-02-12 00:43:59'),(62,2,62,'application/x-font-type1',433,NULL,'2014-11-28 08:25:56','2012-07-24 03:56:22'),(63,3,63,'model/x3d+vrml',49,NULL,'2011-03-14 10:18:10','2016-08-29 05:47:03'),(64,4,64,'application/vnd.tao.intent-module-archive',1109,NULL,'2018-12-03 10:43:29','2013-12-04 21:08:07'),(65,5,65,'application/pls+xml',646,NULL,'2015-06-06 11:49:55','2010-11-05 00:04:48'),(66,6,66,'image/vnd.fastbidsheet',8,NULL,'2018-05-28 16:22:17','2019-10-10 20:29:09'),(67,7,67,'application/vnd.oasis.opendocument.presentation',167,NULL,'2017-05-19 23:39:26','2010-08-21 23:55:36'),(68,8,68,'model/x3d+vrml',1455,NULL,'2011-01-25 16:10:18','2018-07-10 23:55:22'),(69,9,69,'application/x-tex',1533,NULL,'2018-03-16 17:07:02','2014-08-15 04:24:15'),(70,10,70,'application/vnd.recordare.musicxml',59,NULL,'2017-07-13 08:29:07','2015-03-22 04:55:50'),(71,11,71,'application/vnd.adobe.xfdf',596,NULL,'2013-08-28 10:29:18','2015-02-02 14:38:30'),(72,12,72,'image/vnd.fst',974,NULL,'2011-02-08 00:09:27','2012-06-02 15:31:19'),(73,13,73,'application/sbml+xml',221,NULL,'2016-06-25 17:11:52','2015-02-05 05:15:00'),(74,14,74,'application/postscript',653,NULL,'2011-02-21 13:25:54','2018-10-31 01:27:36'),(75,15,75,'video/x-flv',728,NULL,'2012-08-05 17:15:19','2019-06-24 09:47:55'),(76,16,76,'application/epub+zip',1443,NULL,'2017-08-09 14:57:03','2016-04-08 13:45:38'),(77,17,77,'application/octet-stream',1660,NULL,'2013-10-12 12:48:02','2017-12-04 10:05:48'),(78,18,78,'application/vnd.ahead.space',1213,NULL,'2012-02-14 13:42:50','2015-10-25 02:55:02'),(79,19,79,'audio/mpeg',1921,NULL,'2018-05-04 16:58:40','2015-10-13 20:25:21'),(80,20,80,'application/vnd.ms-word.template.macroenabled.12',1554,NULL,'2015-07-14 02:50:41','2013-04-17 16:47:32'),(81,1,81,'application/x-sv4crc',334,NULL,'2012-04-26 22:35:57','2016-07-25 17:55:25'),(82,2,82,'application/zip',1309,NULL,'2010-07-22 10:57:19','2017-03-18 09:12:20'),(83,3,83,'application/vnd.enliven',1239,NULL,'2014-02-15 11:51:47','2017-02-23 03:27:22'),(84,4,84,'application/x-blorb',70,NULL,'2020-04-23 19:14:27','2016-12-23 02:59:55'),(85,5,85,'application/vnd.recordare.musicxml',1950,NULL,'2011-07-13 22:24:43','2016-07-29 07:02:34'),(86,6,86,'application/javascript',1847,NULL,'2013-05-02 13:33:32','2011-11-20 06:40:40'),(87,7,87,'application/vnd.pvi.ptid1',827,NULL,'2017-05-13 13:10:57','2014-06-04 03:29:02'),(88,8,88,'audio/x-pn-realaudio',946,NULL,'2011-11-04 14:30:34','2019-01-18 13:16:42'),(89,9,89,'application/x-xfig',150,NULL,'2019-05-23 21:17:27','2017-11-20 08:43:31'),(90,10,90,'application/vnd.oasis.opendocument.text',1025,NULL,'2015-06-07 14:56:44','2019-05-20 14:43:21'),(91,11,91,'audio/vnd.rip',1036,NULL,'2018-03-09 14:36:08','2011-02-22 09:11:23'),(92,12,92,'application/vnd.fluxtime.clip',1987,NULL,'2017-08-07 21:17:09','2019-05-11 09:19:26'),(93,13,93,'application/vnd.recordare.musicxml',1200,NULL,'2010-11-23 11:38:57','2014-09-02 16:11:17'),(94,14,94,'audio/x-aac',1713,NULL,'2012-10-19 11:31:30','2010-09-08 19:09:23'),(95,15,95,'application/x-font-woff',852,NULL,'2012-11-20 18:31:40','2011-03-28 09:54:56'),(96,16,96,'application/vnd.ms-powerpoint.addin.macroenabled.12',126,NULL,'2014-04-09 18:07:21','2015-02-09 02:23:14'),(97,17,97,'application/x-director',205,NULL,'2013-02-16 05:13:47','2019-12-09 17:01:26'),(98,18,98,'application/vnd.lotus-freelance',1843,NULL,'2018-07-19 02:08:27','2020-01-30 15:36:01'),(99,19,99,'application/x-silverlight-app',1863,NULL,'2013-07-03 12:05:43','2019-11-17 08:13:11'),(100,20,100,'text/turtle',1635,NULL,'2020-02-18 19:28:59','2014-12-20 06:06:26');
/*!40000 ALTER TABLE `media` ENABLE KEYS */;
UNLOCK TABLES;

--
-- Table structure for table `media_types`
--

DROP TABLE IF EXISTS `media_types`;
/*!40101 SET @saved_cs_client     = @@character_set_client */;
/*!40101 SET character_set_client = utf8 */;
CREATE TABLE `media_types` (
  `id` int(10) unsigned NOT NULL AUTO_INCREMENT,
  `name` varchar(255) NOT NULL,
  PRIMARY KEY (`id`),
  UNIQUE KEY `name` (`name`)
) ENGINE=InnoDB AUTO_INCREMENT=21 DEFAULT CHARSET=latin1;
/*!40101 SET character_set_client = @saved_cs_client */;

--
-- Dumping data for table `media_types`
--

LOCK TABLES `media_types` WRITE;
/*!40000 ALTER TABLE `media_types` DISABLE KEYS */;
INSERT INTO `media_types` VALUES (5,'aliquam'),(16,'doloremque'),(14,'error'),(8,'exercitationem'),(6,'ipsa'),(4,'magnam'),(15,'modi'),(10,'nemo'),(9,'numquam'),(11,'quaerat'),(18,'quis'),(12,'quisquam'),(19,'quos'),(3,'repellat'),(1,'sed'),(17,'soluta'),(13,'suscipit'),(7,'ut'),(20,'velit'),(2,'voluptas');
/*!40000 ALTER TABLE `media_types` ENABLE KEYS */;
UNLOCK TABLES;

--
-- Table structure for table `messages`
--

DROP TABLE IF EXISTS `messages`;
/*!40101 SET @saved_cs_client     = @@character_set_client */;
/*!40101 SET character_set_client = utf8 */;
CREATE TABLE `messages` (
  `id` int(10) unsigned NOT NULL AUTO_INCREMENT,
  `from_user_id` int(10) unsigned NOT NULL,
  `to_user_id` int(10) unsigned NOT NULL,
  `community_id` int(10) unsigned NOT NULL,
  `body` text NOT NULL,
  `is_important` tinyint(1) DEFAULT NULL,
  `is_delivered` tinyint(1) DEFAULT NULL,
  `created_at` datetime DEFAULT CURRENT_TIMESTAMP,
  PRIMARY KEY (`id`)
) ENGINE=InnoDB AUTO_INCREMENT=201 DEFAULT CHARSET=latin1;
/*!40101 SET character_set_client = @saved_cs_client */;

--
-- Dumping data for table `messages`
--

LOCK TABLES `messages` WRITE;
/*!40000 ALTER TABLE `messages` DISABLE KEYS */;
INSERT INTO `messages` VALUES (1,1,1,1,'Error laboriosam laudantium nesciunt reiciendis rerum voluptate laudantium laudantium. Fugiat molestias fugit quis quam. Sint amet qui nulla reiciendis.',0,1,'1979-06-13 02:53:20'),(2,2,2,2,'Eligendi quod quaerat illo nisi quibusdam placeat deleniti dolores. Cum exercitationem quis aut esse eum. Facere ipsa itaque rerum in aperiam. Repudiandae harum voluptatum odit laborum dicta repudiandae commodi veritatis.',1,0,'2001-02-02 08:11:14'),(3,3,3,3,'Neque aliquam repudiandae qui recusandae corporis harum. Sed magnam ea temporibus dolor et. Molestiae esse quas expedita quisquam autem nobis.',1,1,'1998-01-06 07:00:39'),(4,4,4,4,'Ea commodi minus doloremque sit consequatur velit iusto. Tenetur explicabo temporibus ipsum fugiat et nemo. Iste eos esse ea modi quod.',1,0,'1970-11-11 17:30:16'),(5,5,5,5,'Nesciunt placeat harum itaque. Fugit et officia non voluptate velit cumque. Non reiciendis molestiae optio et qui tempore dolor.',0,1,'1951-04-27 03:39:29'),(6,6,6,6,'Tempore placeat aut odit quo est excepturi saepe. Et magnam minus tempore adipisci. Et officiis harum voluptas qui esse.',1,1,'1961-07-03 20:22:09'),(7,7,7,7,'Iure vel odit aliquam quod neque. Exercitationem odio repellendus consequuntur. Ea et placeat non consectetur.',0,0,'1984-09-13 09:55:09'),(8,8,8,8,'Accusamus quia est omnis voluptates nulla consequatur omnis. Natus corrupti fugit voluptas.',0,0,'2016-05-22 12:00:44'),(9,9,9,9,'Blanditiis et dolores voluptas ut et animi neque. Explicabo illum voluptas ducimus.',1,1,'1991-09-01 10:26:56'),(10,10,10,10,'Magni nisi beatae at non nobis. Eum aut consequatur non odio qui. Quidem laudantium hic sed quam ex soluta non suscipit. Voluptatem rerum non odio et blanditiis est ad adipisci.',0,0,'1943-10-23 19:50:50'),(11,11,11,11,'Eveniet incidunt ex quis consequatur ut. Et consequuntur libero amet odio beatae sit.',0,1,'1964-04-05 03:24:29'),(12,12,12,12,'Quia autem repellendus saepe voluptate rerum nesciunt. Esse velit ipsam qui sint sed iusto dolore.',0,1,'1986-08-06 10:33:20'),(13,13,13,13,'Ut amet aut accusamus architecto. Asperiores est ut exercitationem illo omnis ipsam. Dolor sit aut assumenda voluptas. Vel alias non accusamus a consequuntur.',1,0,'1971-08-26 06:59:16'),(14,14,14,14,'Natus ut quia id minima voluptates ut unde. Placeat sequi et quo ut perspiciatis odio et optio. Quia alias molestias autem.',0,0,'1960-08-11 04:19:43'),(15,15,15,15,'Dolor quo ea dolores mollitia. Similique accusamus hic et quis quia illo occaecati. Repellendus nihil accusamus a dicta accusantium quia. Quibusdam deserunt adipisci quasi. Laboriosam aut et eos animi et quisquam modi.',1,0,'2015-06-22 11:12:09'),(16,16,16,16,'Repellat sunt amet voluptates. Beatae pariatur qui dicta est dolor deserunt in. Dicta minus ullam magni aut. Iusto error qui eum ea.',0,0,'1999-06-20 05:21:59'),(17,17,17,17,'Numquam modi mollitia doloremque velit. Reiciendis sit aliquid consequatur eum. Quod ut quas qui eum.',0,0,'1931-11-14 10:51:40'),(18,18,18,18,'Vel quia esse exercitationem sint dolorum ut explicabo doloribus. Earum quibusdam pariatur alias et corporis.',0,1,'1954-02-02 22:29:04'),(19,19,19,19,'Sed earum et laboriosam porro exercitationem eveniet qui. Cupiditate nisi et aliquam architecto voluptatem officia porro. Numquam dolorum quod possimus rerum voluptatem.',0,1,'1961-06-09 19:35:14'),(20,20,20,20,'Omnis quia est ad recusandae rerum adipisci quibusdam. Aut omnis sequi fuga voluptas fugit alias. Quasi sapiente ut aperiam praesentium quos qui enim excepturi.',1,0,'1942-05-04 16:21:20'),(21,21,21,21,'Dolorem molestiae sint qui hic. Velit cumque placeat molestias est aut. Nobis ipsam voluptates sapiente iure perspiciatis sed ex.',1,0,'1971-08-16 19:32:09'),(22,22,22,22,'Voluptatum molestiae quibusdam voluptatibus enim corporis omnis. Esse aut quaerat quia ab. Quia autem dolores voluptatibus et. Atque et suscipit non quia autem sint voluptatem. Ipsum totam occaecati ducimus incidunt eius vero.',1,1,'1935-09-16 14:04:23'),(23,23,23,23,'Quas est blanditiis vel veniam consequatur pariatur. Culpa beatae quam temporibus pariatur. Sed atque doloribus tempora impedit.',1,0,'1946-02-21 14:21:50'),(24,24,24,24,'Sit impedit nemo unde consequuntur. Minima nisi debitis accusantium laudantium ut. Totam soluta et repellendus rerum sed doloribus qui. Cupiditate molestias nulla animi molestias voluptate. Et hic dolores adipisci sit voluptatem unde.',1,0,'1925-10-26 04:05:47'),(25,25,25,25,'Nam quisquam eveniet laboriosam rem. Aspernatur exercitationem odit deserunt sint molestiae ut. Sequi accusantium suscipit nihil itaque tempora quaerat.',0,0,'1952-06-02 09:24:27'),(26,26,26,26,'Animi qui assumenda provident qui sed. Adipisci perferendis sed incidunt et modi ab. Nobis nihil ea quo nobis non eius.',1,1,'1921-07-01 13:32:22'),(27,27,27,27,'Odio magnam animi ipsam quod quo ut. Cum excepturi ad et similique fugit consequatur. Dolorem dignissimos voluptatum nihil nihil.',1,1,'1983-04-20 18:44:43'),(28,28,28,28,'Et atque illum voluptatem quis id vitae nam aut. Blanditiis incidunt voluptates molestiae necessitatibus et eligendi. Perferendis atque natus in explicabo ducimus est. Veritatis sit consequatur aperiam id laudantium ad.',0,1,'1956-09-13 10:33:28'),(29,29,29,29,'Sint cumque cumque ut delectus qui aut. Dolorem quis adipisci harum voluptatem. Dolore dolorem quaerat impedit molestiae.',1,0,'1954-06-23 22:21:35'),(30,30,30,30,'Aut et minima numquam eos dolores eligendi doloremque. Voluptas aut reprehenderit enim quos assumenda et.',0,0,'1976-06-07 02:36:55'),(31,31,31,31,'Molestiae alias libero vero libero velit et. Quam laboriosam itaque deleniti voluptate ea nobis. Eos voluptas quo eos omnis et vero.',0,1,'1980-10-28 02:42:56'),(32,32,32,32,'Sequi unde inventore nesciunt dolorum necessitatibus. Nobis vel veritatis sit culpa. Porro exercitationem incidunt excepturi sint quos laboriosam. Veritatis molestias iste reiciendis id.',1,0,'1962-09-15 09:36:49'),(33,33,33,33,'Quisquam consequatur exercitationem amet quaerat ut labore quidem. Tempora aspernatur sit rerum. Non deserunt sed quod eaque dignissimos.',0,0,'1984-02-01 22:20:11'),(34,34,34,34,'Fuga quidem hic a consequatur voluptatum. Quis laborum voluptatem eaque aut laborum id.',0,0,'1950-11-15 16:38:12'),(35,35,35,35,'Inventore repudiandae ex a laborum odit. Sed est sunt aspernatur quis sapiente. Distinctio ducimus porro ab debitis velit earum. Ut in ut sed deleniti quod voluptatem. Labore exercitationem perspiciatis minus pariatur voluptatem ut.',0,0,'1988-04-20 22:53:09'),(36,36,36,36,'Id saepe et consequatur consequatur qui nostrum. Et adipisci sit eaque dolores et temporibus est. Vitae porro possimus autem atque deserunt. Magni voluptas distinctio ut et velit mollitia temporibus.',0,1,'1980-10-03 23:23:47'),(37,37,37,37,'Sit commodi aperiam rerum hic. Recusandae molestiae porro qui repudiandae veniam ut. Perspiciatis rerum et dolor optio.',0,0,'2007-07-20 05:02:22'),(38,38,38,38,'Qui eligendi quis est expedita assumenda nobis quis. Fugit aut tenetur nostrum ad. Aperiam impedit ut porro sed. Rem modi saepe facere culpa corporis cupiditate consequatur. Nulla odit quia enim modi voluptatem deserunt culpa.',0,1,'1950-06-10 09:10:07'),(39,39,39,39,'Distinctio sed at dolorem placeat eum. Nulla modi corporis et ipsa molestias temporibus porro. Quisquam minus rem aliquam labore porro velit voluptatum nulla. Sequi ut et sequi repudiandae neque voluptatibus ab.',0,1,'2016-09-18 20:57:40'),(40,40,40,40,'A cupiditate assumenda sequi sit. Voluptatem esse ut sed earum adipisci aut ut possimus. Aut alias incidunt distinctio at minima et accusamus. Distinctio rerum aut quod et consequatur minus amet ullam.',1,0,'2017-10-22 19:47:24'),(41,41,41,41,'Sapiente vel officia error quia ducimus. Perferendis quisquam rerum provident sed aperiam perferendis dolore. Ut ut autem omnis voluptate nulla minima accusamus. Est a dolore sequi mollitia.',0,1,'1927-01-30 15:12:28'),(42,42,42,42,'Non repudiandae repudiandae ut voluptas exercitationem occaecati omnis voluptatibus. Et qui quis amet quisquam in totam ea. Quo asperiores consectetur quibusdam est omnis amet. Quasi doloribus qui minima consequatur ipsum cupiditate.',1,1,'1939-01-02 21:24:24'),(43,43,43,43,'Nostrum ducimus iure atque enim nisi delectus similique blanditiis. Est cupiditate qui impedit reprehenderit quis enim. Ut iste ipsum explicabo occaecati.',0,0,'1965-11-16 02:14:16'),(44,44,44,44,'Non porro nam veniam sunt quod. Reiciendis illum voluptatem eum placeat et. Et perferendis eos dolores nesciunt aut. Ipsam vero quasi fuga voluptates commodi. Voluptatem eligendi adipisci fuga perferendis qui iste.',0,0,'1979-08-30 14:12:30'),(45,45,45,45,'Quod quaerat sed sed asperiores. Eveniet ut commodi ipsa ratione similique et. Sequi quo molestiae porro culpa ratione dolor explicabo qui.',1,0,'1988-01-13 06:40:15'),(46,46,46,46,'Laudantium voluptates aliquam dolore animi. Quo sunt placeat voluptatem quia cupiditate omnis perferendis. Et aut quidem recusandae provident nihil.',1,0,'1979-08-10 21:34:56'),(47,47,47,47,'Quasi sed eum voluptas. Minima quod aperiam necessitatibus. Et praesentium qui ullam.',0,1,'1997-11-10 23:36:08'),(48,48,48,48,'Vel nemo tenetur ipsa explicabo. Et ea ducimus provident repellendus dolorem soluta laborum. Eos mollitia optio nihil enim consequatur est voluptas.',1,1,'2010-04-21 20:33:36'),(49,49,49,49,'Dolor sed corrupti magnam nulla non laboriosam. Assumenda ipsam ullam enim et pariatur ut neque. Dolores quisquam officiis eveniet mollitia aut consequatur est.',1,0,'1945-08-28 23:01:38'),(50,50,50,50,'Expedita qui harum eius impedit qui enim repudiandae. Quos est sed recusandae voluptas. Quia minima ipsam facere mollitia. Ut harum porro sunt laborum.',0,1,'1934-02-16 07:13:10'),(51,51,51,1,'Sed commodi natus qui voluptatibus quasi non. Laudantium autem eum blanditiis commodi corporis deleniti delectus.',1,1,'1975-09-05 19:06:07'),(52,52,52,2,'Sint quisquam officiis sequi consequatur dolorum consectetur molestiae. Rerum ut et ad perferendis alias rerum dolorem quo. Iusto aliquam sed inventore iure vero. Enim architecto occaecati sequi molestiae consectetur.',1,1,'1980-08-14 18:55:29'),(53,53,53,3,'Ut est eum molestias similique nemo molestias. Facere inventore aut ipsum veniam ut. Et architecto velit occaecati voluptatem quas.',0,0,'1958-05-29 16:15:54'),(54,54,54,4,'Nam provident molestias sequi pariatur. Maxime enim qui et iusto quod. Neque sed repellendus commodi dolores possimus in nobis earum.',0,1,'2019-12-14 12:47:49'),(55,55,55,5,'Magnam temporibus nemo quia ipsam pariatur cum quia. Culpa quibusdam voluptates tempora aut maiores dolores. Non autem nam sint repellat neque possimus vitae non.',1,0,'1976-12-16 13:27:10'),(56,56,56,6,'Mollitia maxime at qui. Voluptatem labore qui laborum aspernatur est. Pariatur quisquam et totam labore deserunt repellendus itaque aut.',0,1,'1970-04-20 03:38:12'),(57,57,57,7,'Debitis eligendi et ut quaerat et et. Quibusdam blanditiis unde et ratione inventore voluptas facilis ea. Beatae autem asperiores eos qui quae illo nisi. Similique delectus qui omnis numquam maxime excepturi illum.',1,1,'2000-01-13 17:15:00'),(58,58,58,8,'Minima impedit ad neque nam vel quod. Corrupti nulla minus non sit enim asperiores omnis. Quae et molestiae iste dolores rerum amet facilis. Voluptatem corrupti laudantium mollitia rerum aut. Laudantium dolor accusantium qui.',1,1,'1927-12-03 11:13:31'),(59,59,59,9,'Eius voluptate possimus nostrum eveniet. Minima totam fuga perferendis ut. Voluptatum aut consequatur reiciendis recusandae ullam vero. Nobis non vel dolorem totam unde dolores quam. Deserunt qui laboriosam eaque atque harum illum eveniet quo.',0,1,'1981-10-29 03:38:19'),(60,60,60,10,'Quis aut aut nesciunt consequatur. Placeat blanditiis eum distinctio omnis architecto accusantium. Recusandae hic eveniet esse similique sit est est velit. Eum nihil autem consequuntur.',1,0,'1937-06-17 05:57:09'),(61,61,61,11,'Et vitae tenetur ut aliquid. Tenetur iste est id voluptatem incidunt. Dolorem quod quidem doloremque officiis molestiae dolores sequi.',0,0,'1961-11-21 04:38:51'),(62,62,62,12,'Aut ducimus sunt qui quo quod quas iure iste. Labore iure sed tempore quibusdam iure odio facere id. Praesentium reprehenderit veniam nesciunt sint at in temporibus rem.',0,0,'1989-04-19 03:34:22'),(63,63,63,13,'Quidem facere eligendi praesentium architecto aspernatur libero omnis. Expedita voluptates dolore dolores ut explicabo quidem. Aut facere eaque voluptatem earum harum sequi. Eos neque eaque molestiae aut qui dolorem debitis. Incidunt autem quo et esse modi.',0,0,'1982-04-18 08:44:48'),(64,64,64,14,'In dicta delectus illo inventore et quia. Suscipit nisi in tenetur excepturi rem.',1,0,'2001-02-28 02:31:52'),(65,65,65,15,'Ab quis molestiae sapiente accusamus. Omnis quibusdam ex magnam sit hic inventore. Quod est sunt in dolor maiores quasi debitis. Ea est ea doloremque quis deleniti.',1,1,'1943-11-10 21:06:37'),(66,66,66,16,'Qui explicabo fuga mollitia sequi pariatur. Earum quidem totam est laboriosam deleniti velit impedit. At eligendi et fugiat ducimus.',0,1,'2003-01-30 21:59:24'),(67,67,67,17,'Rem distinctio sequi consectetur explicabo ipsa. Unde tempora fuga assumenda corrupti et aut ipsam. Eum officiis et illum et dolore unde dolorum ut.',0,1,'1994-10-17 03:42:57'),(68,68,68,18,'Temporibus perspiciatis tempore id odio. Ut quae placeat delectus minus est tempora. Blanditiis et qui maiores hic voluptatem officia ex qui. Itaque quaerat ut ex iste sit natus aut commodi.',1,0,'1996-08-22 08:20:02'),(69,69,69,19,'Itaque provident qui maxime beatae earum iste et. Maxime et tempore culpa error ab tempora maxime. Dolore quasi magni cumque fugiat quasi quis at aut. A qui non qui aut.',0,1,'1959-01-15 00:03:19'),(70,70,70,20,'Alias molestiae deleniti et minima. Deserunt error veniam alias aut rerum et numquam. Dolor eius eum deleniti voluptatem libero voluptas odio. Sint pariatur consequatur nam perferendis ut soluta.',0,1,'1987-06-27 00:15:36'),(71,71,71,21,'Voluptatem nam laborum sit veritatis consequatur qui. Earum est odit ipsum. Ut quia omnis eius assumenda aut est.',1,0,'1938-04-24 11:32:55'),(72,72,72,22,'Aut omnis temporibus non laborum eum quasi voluptatum. Dolor saepe optio non tempore ducimus quis. Minima quas quasi quibusdam exercitationem. Reiciendis perspiciatis nisi a id sit consequatur ea.',1,1,'1944-04-08 07:20:54'),(73,73,73,23,'Rerum voluptatem eveniet et nihil aperiam. Mollitia omnis id suscipit perferendis sed perspiciatis quidem eveniet. Sunt totam inventore architecto minus nihil in. Tempore necessitatibus dolorem itaque quia ad qui eaque dolores.',1,1,'1949-04-26 03:59:45'),(74,74,74,24,'Harum repudiandae magni quod esse. Nulla libero quas rerum ut sit. Iste in voluptate officia excepturi assumenda rerum enim.',1,1,'1926-04-10 17:22:48'),(75,75,75,25,'Adipisci consequuntur voluptatem consequatur molestiae quia exercitationem et. Illo fugiat dicta qui tenetur nesciunt nesciunt est consequatur. Dolore sit consectetur voluptas saepe aut quo voluptate molestias.',0,0,'2000-03-25 16:52:59'),(76,76,76,26,'Expedita doloribus occaecati molestiae exercitationem aliquam sit. Praesentium praesentium ipsam vel asperiores aspernatur velit. Et aspernatur est amet harum alias quia quod.',0,1,'2009-02-05 08:59:08'),(77,77,77,27,'Ut error dolorem necessitatibus quod commodi qui optio hic. Recusandae autem nihil a esse consectetur explicabo quasi. Delectus omnis esse vero ab iusto consequatur.',1,1,'2000-07-03 08:35:48'),(78,78,78,28,'Pariatur a sed et voluptatem dolores dolor sed. Molestiae voluptatem omnis voluptatem veritatis. Harum neque eveniet provident.',0,1,'1959-12-26 14:30:17'),(79,79,79,29,'Dolorum impedit quo sapiente culpa. Aspernatur est animi ut earum. Explicabo molestias quis architecto numquam.',0,1,'2011-07-10 11:06:12'),(80,80,80,30,'Modi tenetur officiis magnam voluptatem fuga. Consequatur fugit dolor cumque ex facere. Ad quia voluptas quas voluptas saepe ut est. Ab incidunt aut quas consequatur blanditiis.',1,1,'1984-07-01 23:52:58'),(81,81,81,31,'Quae porro sapiente id asperiores nam id non. Nulla veniam id maxime eius. Voluptatem deserunt placeat itaque magni voluptatem et cum ut. Sed quia amet praesentium vel rerum.',1,1,'1944-02-11 00:41:16'),(82,82,82,32,'Aspernatur laborum placeat suscipit itaque deserunt id. Veniam aperiam est voluptas. Est est minima perferendis totam sapiente et aliquam veniam. Consequatur velit minus quod non vitae temporibus.',0,0,'2005-11-09 07:13:39'),(83,83,83,33,'Et recusandae voluptatem accusamus maxime impedit omnis. Est delectus amet voluptas vel similique omnis aut occaecati. Suscipit consequatur earum voluptas optio dolore. Ipsam aut quo aliquam nisi optio rerum voluptas.',1,1,'1958-10-10 02:09:48'),(84,84,84,34,'Sapiente qui voluptatem enim veritatis dolorem omnis sapiente. Eaque et perspiciatis aut et. Ea maxime commodi illo vel. Delectus voluptatem suscipit nulla est.',0,0,'1920-08-27 16:24:41'),(85,85,85,35,'Vel est ex itaque quo neque dolore. Qui blanditiis nesciunt esse distinctio sit ea.',1,1,'1985-07-23 15:32:04'),(86,86,86,36,'Nisi ipsam iste eveniet aliquid a ipsum. Quod id sed quaerat fuga. Maiores saepe expedita velit dignissimos iusto officiis voluptatem.',1,1,'2015-08-25 14:26:03'),(87,87,87,37,'Repudiandae ut enim fugiat consequatur eum reprehenderit. Nemo sit harum tempore ipsum exercitationem qui iste. Ratione qui eos debitis corrupti voluptas pariatur alias facere. Mollitia facilis harum facere earum sapiente sint.',0,0,'2006-06-12 04:10:43'),(88,88,88,38,'Numquam ut qui rem vitae vel qui. Doloribus animi alias rerum. Sit non est atque voluptatem fugiat id molestiae. Doloremque quia nostrum illum eaque.',1,0,'2013-07-14 17:20:54'),(89,89,89,39,'Non molestiae enim qui consectetur ullam praesentium. Eius quaerat labore voluptatem quia sint. Molestiae illum perferendis fuga atque reprehenderit. Est eos ut fuga ab sapiente ratione aut.',1,0,'2002-07-30 00:17:40'),(90,90,90,40,'Sunt saepe omnis culpa rerum aliquam quisquam omnis. Beatae ut omnis ipsum a. Voluptas et dolor cupiditate eligendi et voluptas. Ut sint eum dolor facilis vitae incidunt recusandae.',1,1,'1921-02-08 21:37:41'),(91,91,91,41,'Soluta quidem dolores id tenetur vitae qui ex. Corporis quod et fugiat voluptatem. Dolorem quis minima modi ipsa.',0,0,'2010-02-28 20:23:42'),(92,92,92,42,'Pariatur doloribus non labore vel tempora. Amet eveniet est corporis nulla doloribus. Et sapiente quasi suscipit exercitationem est. Assumenda dolor similique maxime.',1,0,'2020-03-21 12:46:23'),(93,93,93,43,'Officiis hic est quasi ut minus. Rerum et ut rerum autem et tenetur. Officia voluptatibus quod molestiae consequatur cupiditate aperiam error. Nisi ipsam eos dolor cumque voluptas ratione.',0,0,'1977-06-13 06:15:32'),(94,94,94,44,'Tempora dolorem voluptas aliquid nam aut voluptas. Cupiditate voluptate molestiae dolor numquam voluptates. Tenetur nemo quia cumque unde. Consequatur aperiam sit fugiat laudantium minima qui sed.',0,1,'2011-07-27 05:57:37'),(95,95,95,45,'Nemo praesentium voluptate unde illo atque doloremque. Fugit nihil temporibus accusantium eaque. Earum odio dolor debitis consectetur aspernatur reiciendis qui. Sit cupiditate vel fugit ea.',1,1,'2019-08-17 19:17:01'),(96,96,96,46,'Distinctio voluptatem voluptas deserunt voluptatibus sunt voluptatem deserunt. Quisquam nihil velit sequi temporibus sed. Quas qui voluptatum autem rerum tempora. Non ea corrupti minima qui reprehenderit. Consequatur ipsum quo ratione est porro veritatis voluptatibus.',0,1,'1965-08-29 20:50:51'),(97,97,97,47,'Inventore ipsum enim impedit esse. At aperiam ex voluptatum magnam iste porro consectetur minima. Magnam tempora cupiditate est culpa ab repudiandae.',1,1,'1938-03-07 17:01:41'),(98,98,98,48,'Autem nobis voluptatum molestiae. Sed id repellat ipsam accusantium sunt et. Eaque commodi aut minima enim voluptas. Omnis tenetur vel sed voluptas natus ut.',0,0,'1956-01-09 22:06:07'),(99,99,99,49,'Dolorum temporibus iure sunt consectetur voluptatem dignissimos commodi. Et omnis et cumque sed ad. Illo aut sapiente est quo inventore nesciunt molestiae. Et tempora animi quo dolorem consectetur tenetur ab hic.',0,0,'2005-11-02 14:04:13'),(100,100,100,50,'Iure veniam ut pariatur in et earum est. Vel iure repellendus mollitia magni reprehenderit. Consequatur natus voluptatem aliquam in adipisci molestiae earum. Neque et earum doloremque doloribus amet pariatur alias.',0,1,'1969-05-21 15:21:48'),(101,1,1,1,'Saepe doloribus est suscipit porro fugit officia. Error nihil omnis eum explicabo laboriosam sed alias accusamus. Facilis sed similique dolorum ipsam quis rerum. Vitae laudantium nemo eos vel blanditiis et occaecati.',1,0,'1929-12-15 02:57:30'),(102,2,2,2,'Consequatur et tempora nisi molestiae qui blanditiis. Dolor veniam et nesciunt veniam optio necessitatibus. Sint cumque modi doloremque delectus. Fugiat aut velit quasi est.',1,0,'1925-10-09 00:02:36'),(103,3,3,3,'Officiis recusandae molestiae officiis voluptatem velit consequatur consequuntur. Vitae nulla quae et ut sit possimus omnis cum. Dignissimos reprehenderit et consectetur tenetur laudantium debitis temporibus.',0,1,'1969-05-14 12:07:09'),(104,4,4,4,'Nihil illum vero animi omnis et quae eos. Similique totam quis quod nobis dolorem autem dolores. Quia minima sed possimus et facilis quas perferendis.',0,1,'1979-03-27 16:29:12'),(105,5,5,5,'Consequatur aut ducimus doloribus. Ut officiis perferendis rem placeat ut nihil voluptatem. Et omnis qui deserunt accusantium.',1,1,'2015-02-03 19:48:47'),(106,6,6,6,'Dolores nemo inventore voluptas eligendi enim aut saepe. Architecto eligendi et qui. Et nihil adipisci incidunt qui dicta.',1,1,'1989-06-11 23:51:40'),(107,7,7,7,'Aut reiciendis quos ratione doloribus at quisquam. Assumenda necessitatibus iusto facere tempore eum nobis. Expedita vitae iure ea non dolorem.',1,1,'1931-07-24 05:34:42'),(108,8,8,8,'Architecto consectetur sapiente nisi dolorem explicabo porro. Asperiores error nisi molestiae est inventore velit ea. Tenetur harum sit quam est.',1,0,'1954-01-16 13:58:48'),(109,9,9,9,'Veniam id saepe et officia pariatur repudiandae non. Aut voluptate quia quibusdam rerum cumque. Reprehenderit quidem enim cupiditate dolor.',0,0,'1999-08-03 21:31:43'),(110,10,10,10,'Sit quae veritatis sint omnis et et quibusdam. Quis facilis earum non perferendis. Vel ducimus ut nulla dolorem incidunt quidem.',0,0,'2011-01-19 20:30:46'),(111,11,11,11,'Nam adipisci est atque facere sapiente recusandae est. Iusto iste sint sapiente fuga. Corporis autem at in exercitationem eligendi veritatis culpa fugiat. Dolorem at ipsam rerum quaerat.',1,0,'1948-01-16 13:10:33'),(112,12,12,12,'Sequi ut molestiae est est ut dolor dolores provident. Error neque assumenda dicta. Nesciunt dicta asperiores vel velit. Ut doloribus quasi ex est adipisci.',1,0,'1934-06-04 19:53:46'),(113,13,13,13,'Harum culpa sequi tempora facere aspernatur consectetur repudiandae. Facilis magnam est saepe. Aut et nemo ut libero voluptatibus amet est. Facere ducimus architecto ullam sed debitis eius nulla.',1,1,'2007-05-29 07:12:26'),(114,14,14,14,'Officia doloribus fugit tempore animi. Architecto ipsam vel provident repudiandae. Dolores alias animi molestias sint. Ipsum temporibus amet voluptatem ipsam.',1,0,'1987-11-23 19:47:53'),(115,15,15,15,'Omnis quae repudiandae et pariatur sed corrupti nobis laboriosam. Aliquam quo nesciunt provident quo non nam voluptates maxime.',0,0,'1950-10-24 05:53:52'),(116,16,16,16,'Facilis ut aut debitis officiis aut distinctio. Eius id ipsam perferendis nostrum neque ut autem architecto. Voluptas ipsam possimus tempore sed.',0,1,'1937-07-28 01:46:19'),(117,17,17,17,'Aut voluptatem explicabo fuga inventore enim et rem. Ea aut blanditiis consequatur sapiente veritatis ut cupiditate. Earum molestias omnis quo incidunt cumque modi fugiat officiis. Rerum ut tempora dicta sit quaerat ipsam assumenda aut. Voluptatem deleniti porro vel qui voluptatibus placeat ipsam.',0,0,'1982-12-02 02:17:08'),(118,18,18,18,'Facilis tempora odit et eos ab. Voluptatem veniam accusamus ab hic. Rerum quidem quasi eligendi quae dicta aut. Iusto odit deserunt ex qui velit nihil.',0,1,'1951-09-29 17:54:23'),(119,19,19,19,'Illo vel accusamus a illum voluptatum iste officia. Consequatur similique illum corrupti laudantium quod maxime. Sapiente deserunt eligendi natus rem minima.',1,1,'1999-11-10 10:15:59'),(120,20,20,20,'Aut explicabo repellat eveniet officia accusantium ut. Inventore et culpa iste voluptates repellendus totam. Rerum maxime id nam corporis. Adipisci inventore error iste quo voluptas temporibus voluptas.',1,0,'1956-06-01 20:38:19'),(121,21,21,21,'Deleniti excepturi aut debitis autem dolorum amet. Quaerat soluta beatae necessitatibus iusto id consectetur earum. Impedit hic et enim voluptatem.',0,0,'1992-11-02 04:17:45'),(122,22,22,22,'Illum architecto voluptate voluptatem. Eaque architecto cupiditate iure dolor. Est aut vitae tempore quasi. Ipsum dolore quaerat consequatur doloremque necessitatibus. Sit error maxime quos rem dolores nisi.',0,1,'1947-09-25 11:02:02'),(123,23,23,23,'Asperiores tempora ut laborum dignissimos. Ratione neque ipsum sapiente repellendus et numquam amet. Qui minima fugiat animi et.',0,1,'1956-03-01 23:18:44'),(124,24,24,24,'Sint nisi quas at quia consectetur mollitia. Rerum rerum animi aperiam odio voluptatem voluptates tenetur. Ipsum voluptatem laudantium veritatis magni consectetur. Mollitia aliquam incidunt vero nihil.',0,0,'1964-08-13 13:44:02'),(125,25,25,25,'Ut rerum exercitationem ad perferendis aut. Voluptatem et adipisci incidunt qui aut molestiae ipsum magni. Impedit officiis voluptas minima illum autem.',1,1,'1967-10-14 03:25:15'),(126,26,26,26,'Quia dolore possimus reprehenderit quia dolore molestiae ut. Blanditiis alias qui quia quia repellat aperiam voluptas. Soluta sed aut sapiente laborum voluptatem eum voluptatem.',0,0,'2011-07-02 03:31:48'),(127,27,27,27,'Illum harum enim veniam. Enim corrupti nihil sit illo alias voluptatem repudiandae. Ut nostrum aliquam voluptates sint enim asperiores rerum. Iste eum provident consequatur eos.',1,0,'1960-07-30 19:43:39'),(128,28,28,28,'Corporis sed temporibus iusto officiis molestiae asperiores. Nihil sit earum et autem dicta animi. Rerum illum perspiciatis enim nobis maiores perspiciatis.',1,0,'1985-08-14 16:17:33'),(129,29,29,29,'Adipisci aperiam eum dolor voluptas omnis assumenda. Minus ducimus ea in pariatur nostrum. Voluptatem accusamus consequuntur nihil et sed explicabo qui voluptatem. Quo rerum porro sed eum minima quae unde.',1,1,'1940-06-03 06:36:38'),(130,30,30,30,'Sed ut inventore delectus voluptatem quia corporis rerum. Voluptas doloribus aut ratione ad qui. Molestiae sint non accusamus sapiente est natus quia.',1,1,'1997-08-22 05:31:56'),(131,31,31,31,'Sed distinctio vel sunt et corrupti magnam mollitia. Eum sapiente natus fuga.',0,1,'1970-07-02 08:15:51'),(132,32,32,32,'Qui dolores numquam ex est sit. Nesciunt alias dolore porro. Nam amet soluta et voluptates omnis dolorem deleniti.',0,0,'1946-04-01 19:41:23'),(133,33,33,33,'Quibusdam quia et eum quis. Id facere sed omnis fuga natus tempore et enim. Qui dolor debitis omnis quam ex aut.',1,1,'1945-01-11 13:40:46'),(134,34,34,34,'Voluptas nulla cumque quaerat nesciunt. Sapiente accusantium ab minima vitae a numquam voluptas. Mollitia assumenda expedita fuga optio facere. Ullam dolor odio maxime sequi.',1,0,'1988-02-21 07:46:25'),(135,35,35,35,'Sapiente est minus sunt molestias quibusdam. Veritatis in sint ex ducimus enim exercitationem id. Impedit error cumque dicta quisquam officia. Nisi nisi reiciendis id soluta. Aut est rem soluta et.',0,1,'1986-02-06 17:43:36'),(136,36,36,36,'Ipsa natus veritatis eos unde. Quia sint ut molestiae. Dignissimos sequi quis aut deleniti quia inventore exercitationem.',0,0,'1971-01-16 17:35:16'),(137,37,37,37,'Aut rerum totam debitis aut blanditiis non. Deleniti voluptas rerum quod occaecati quae esse sed minima. Dignissimos dolorum autem ut aperiam.',0,1,'1996-11-11 01:16:03'),(138,38,38,38,'Aut dolores eveniet maxime illum qui dolores. Vel nulla ab omnis ad et est.',0,1,'2011-03-09 16:31:21'),(139,39,39,39,'Quibusdam odio dolor non eos. Atque dolor atque quia placeat. Distinctio ea delectus iste tenetur sed sed.',0,1,'1991-02-18 21:49:42'),(140,40,40,40,'Eaque explicabo sit voluptatem eaque repudiandae est illum. Ea numquam modi eligendi quos aut saepe consequatur. Autem soluta aut debitis maiores.',1,1,'1984-02-25 16:36:30'),(141,41,41,41,'Aspernatur voluptate quas aut sit est. Consequuntur nobis voluptatem eaque occaecati nesciunt at. Maxime natus illo excepturi mollitia hic velit.',0,1,'2000-03-25 03:29:55'),(142,42,42,42,'Ut nostrum nostrum fugiat dolorem sunt a natus. Dolorem dolorem pariatur repudiandae ipsam iure veniam cum. Amet omnis et aliquid laborum.',1,1,'1966-04-05 12:50:06'),(143,43,43,43,'Cumque sint amet tenetur. Illo dolor consequatur quis aspernatur nesciunt. Enim voluptatem suscipit aspernatur impedit.',1,0,'1974-01-21 16:33:53'),(144,44,44,44,'Quaerat molestias eum repudiandae enim iste. Velit a aspernatur molestias ut voluptas quis. Autem voluptas quia possimus ad possimus nesciunt optio. Inventore et quas iusto minus molestiae facere perferendis.',0,0,'1942-10-28 06:54:05'),(145,45,45,45,'Doloremque nihil rerum odit deserunt quos atque. Non nemo occaecati voluptas sed. Illum pariatur quae praesentium et sit rerum molestias. Accusantium sit delectus cupiditate est porro.',1,1,'1954-03-31 07:46:17'),(146,46,46,46,'Assumenda corporis quos et. Numquam at officia eos aut eos. Sint dicta consequuntur et hic ea fuga nihil.',1,1,'1931-11-07 20:27:37'),(147,47,47,47,'Qui reiciendis autem quo qui qui vero. Recusandae voluptatum corporis sit est dicta. Vitae iure voluptas veritatis quasi quia. Et exercitationem ex aspernatur sed.',0,0,'1927-11-28 22:54:54'),(148,48,48,48,'Aut fugit dolore ex totam dolores est. Atque sed in ipsam consequatur ut dolor eligendi. Voluptatem modi iste doloremque ab qui.',1,1,'1962-12-13 23:24:07'),(149,49,49,49,'Quo necessitatibus quisquam et adipisci impedit eaque dolorum. Quibusdam sapiente enim aliquam ipsam. Odit est quas dolores fugit.',1,1,'1977-05-01 12:35:12'),(150,50,50,50,'Tempore voluptatibus ducimus voluptates quos illum omnis. Et repellendus harum nobis et aut ut. Natus voluptatem laborum error id recusandae aliquam at. Laboriosam ratione ex officia.',0,0,'2008-12-22 06:30:45'),(151,51,51,1,'Natus magni fugit cumque nostrum. Distinctio numquam voluptas voluptatem velit omnis molestiae ea id. Eos nesciunt omnis quidem quos.',0,0,'1940-12-17 06:44:54'),(152,52,52,2,'Voluptates sit amet necessitatibus blanditiis ut eligendi rerum. Temporibus ut nemo dolorem molestiae. Nihil amet incidunt modi maiores. A qui dolore qui perferendis repellat ratione.',1,0,'1928-09-03 01:44:07'),(153,53,53,3,'Deserunt est eaque voluptas praesentium ea porro. Debitis deleniti nam est nesciunt aliquid iusto. Numquam id nulla vel molestias ducimus rerum aspernatur. Eaque nam soluta excepturi et nobis laudantium porro.',0,0,'1925-04-10 15:24:54'),(154,54,54,4,'Perspiciatis pariatur aut ratione consequatur consectetur non. Et doloremque dicta voluptas sint omnis voluptatibus. Quisquam voluptate numquam recusandae ad nam iure odio.',0,0,'1939-05-08 16:16:36'),(155,55,55,5,'Sit facilis iste et incidunt. Nihil quibusdam corporis officiis similique sint ad. Fuga possimus cumque excepturi id unde quia quo. Qui dolores tenetur ullam sint.',1,0,'2014-11-26 04:33:15'),(156,56,56,6,'Perferendis vitae non pariatur ut voluptatum quibusdam tenetur. Cumque accusamus vel inventore numquam odit.',0,1,'1979-09-14 12:43:17'),(157,57,57,7,'Nostrum accusantium illum iste ratione facere officia. Non deserunt ut quia quae aliquid molestiae. Totam illum ut sed quia quos deleniti omnis.',0,0,'1921-05-28 02:16:26'),(158,58,58,8,'Consequatur et sit facere accusamus blanditiis ullam. Omnis dolorem a qui ducimus. Optio consequatur eos facilis eveniet qui voluptatem. Et eos consectetur reprehenderit eligendi tempora aspernatur voluptates.',0,0,'2008-07-31 23:19:50'),(159,59,59,9,'Aspernatur quisquam a dicta accusamus vero. Repellat nemo illum perferendis inventore incidunt et dolor. Et nulla sunt ex.',0,1,'1993-05-11 20:15:19'),(160,60,60,10,'Sint laudantium et eaque. Et autem ut quia sequi voluptas ut quis.',1,0,'1932-04-17 23:08:48'),(161,61,61,11,'Modi est sunt voluptas hic sunt omnis tenetur deleniti. Rerum molestiae ab aut reprehenderit. Temporibus officiis dolore distinctio quia facilis. In ad similique molestiae aut.',0,1,'1981-08-23 10:48:29'),(162,62,62,12,'Eum sunt culpa sit. Iusto ea animi totam maxime ut. Sed quae eaque quia excepturi labore aut. Ea distinctio perferendis quaerat at voluptate et itaque odio.',0,0,'1976-01-19 21:14:54'),(163,63,63,13,'Repudiandae aut magnam eveniet animi natus quidem eum. Voluptatem ut ab suscipit vel suscipit cupiditate aspernatur est. Enim et dolore sunt nemo quia minus aut. Dolor tenetur debitis occaecati.',1,0,'2008-02-28 13:33:29'),(164,64,64,14,'Voluptas repellat sapiente exercitationem natus. Quas velit voluptatem aperiam ducimus id ullam quaerat sed. Ab hic illum voluptatem in non corporis et.',1,1,'1956-08-31 08:56:01'),(165,65,65,15,'Sed assumenda eaque sunt tenetur. Neque nihil qui nostrum voluptates rerum. Rerum illo dolor quisquam consequatur tenetur perferendis veniam qui.',0,1,'1924-08-11 22:42:04'),(166,66,66,16,'Doloribus natus cumque cumque quia illum quasi dignissimos. Ea est eos unde beatae officiis eum et. Dolorem labore placeat excepturi necessitatibus eos iure pariatur. Et ipsa dolores veniam dolorum.',0,0,'2010-11-03 03:49:31'),(167,67,67,17,'Aut similique delectus adipisci eaque. Fuga mollitia consectetur velit vel id. Odit error facilis quidem consequatur.',0,1,'2017-09-22 23:29:48'),(168,68,68,18,'Consequuntur dolorem qui aut alias quia. Ipsum voluptatibus distinctio optio soluta quaerat. Possimus aut mollitia minus id voluptate sit consequatur necessitatibus. Animi libero dolor sed esse non rerum.',1,0,'1937-03-15 09:10:04'),(169,69,69,19,'Optio fugiat vitae et voluptas. Laboriosam praesentium autem corporis rem sint. Autem inventore nobis quidem similique et nemo est. Molestiae dolor excepturi consequatur quibusdam sed maiores dolorem optio. Repellendus suscipit quibusdam in ut id quia est.',1,0,'1938-07-19 07:54:25'),(170,70,70,20,'Et eum consequatur esse quia. Perferendis magnam corporis quia ex. Aut delectus et voluptatem dignissimos. Necessitatibus qui maxime sequi placeat.',0,1,'1936-03-28 15:13:02'),(171,71,71,21,'Reiciendis aut tenetur molestiae fugiat minus impedit. Omnis doloremque natus dolorum dolorem dolorum. Labore et aut sit.',0,0,'2008-05-09 19:17:53'),(172,72,72,22,'Veniam quod aut ducimus et molestiae recusandae omnis inventore. Et voluptate fugit sequi cupiditate. Et aliquam illo et.',1,0,'1964-05-28 02:03:57'),(173,73,73,23,'Minima sed dolorem sed nobis animi mollitia. Et quo minima voluptates qui.',1,0,'1975-03-31 04:20:08'),(174,74,74,24,'Similique deleniti voluptate rerum voluptas cumque. Ullam voluptas accusantium sit omnis cum aut praesentium dicta. Eaque qui consectetur vel et eius et laboriosam. Fugit quae accusantium quas voluptatum officiis laudantium.',0,1,'2004-12-15 04:44:28'),(175,75,75,25,'Repudiandae nulla et molestias doloremque minus voluptas qui sed. Saepe asperiores placeat voluptas veniam omnis. Fugiat sit dignissimos quibusdam ipsam cumque necessitatibus autem. Magni id tempore ducimus odio est dolorem aliquid. Eaque sit voluptatem sunt molestiae est.',1,1,'1929-07-17 18:03:51'),(176,76,76,26,'Sequi consectetur quam hic inventore facere. Qui a laborum mollitia architecto. Dolorem ipsam quas deserunt magnam aut itaque inventore maxime. Suscipit nihil quibusdam qui rem rerum facere.',0,0,'2018-08-11 10:25:13'),(177,77,77,27,'Facere ut est quis est molestiae. Totam voluptatem quisquam et ipsam sequi ut maiores. Autem itaque natus veniam ratione provident.',0,0,'1975-12-25 12:26:04'),(178,78,78,28,'At excepturi accusamus minima perspiciatis repellendus molestiae. Possimus qui ea cupiditate qui nostrum. Nostrum et incidunt quia inventore nemo natus. Voluptatem velit quibusdam velit eligendi nulla consequuntur praesentium.',0,0,'1990-02-16 17:59:42'),(179,79,79,29,'Eos et iste est molestias laudantium in. Eligendi hic odio voluptatibus perferendis iusto amet perferendis. Omnis reiciendis dolore in iusto molestiae non.',0,1,'1982-02-21 18:14:04'),(180,80,80,30,'Dolor eos ipsum error voluptas. Dolor molestiae necessitatibus nisi ab voluptas ut qui esse. Aspernatur cum alias deserunt dolor aut harum. Sit sit quia reprehenderit aliquid ullam debitis quo.',0,0,'2008-11-14 06:28:41'),(181,81,81,31,'Deserunt quia eveniet sed repudiandae ratione et quibusdam. In dolore saepe qui quaerat. Non ex omnis sint laborum aut nobis suscipit.',1,1,'1982-11-26 12:44:08'),(182,82,82,32,'Quam sit consequatur fugiat. Ut quia cupiditate quo sequi saepe commodi. Minus vitae id qui magnam.',1,1,'1974-11-16 20:11:51'),(183,83,83,33,'Vel eum at numquam sint laborum est. Optio a voluptate tenetur tenetur nesciunt. Est asperiores quaerat rerum quia sequi.',0,1,'1986-11-18 15:23:56'),(184,84,84,34,'Esse maiores aspernatur veniam aut repudiandae. Rem ab ex voluptatibus assumenda ut iste. Ut laborum eos ipsa aliquam consequatur. Quaerat voluptatem delectus cumque aut expedita.',0,0,'2001-03-18 10:47:59'),(185,85,85,35,'Id ratione quidem quo ullam facere quis voluptates. Aut dolorem molestiae corrupti tenetur error optio.',1,0,'1970-01-13 13:52:11'),(186,86,86,36,'Aliquam reiciendis eum laboriosam dolor quia perspiciatis quasi. Laboriosam porro in similique officiis. Ut qui et fugiat.',0,0,'1980-02-08 21:36:10'),(187,87,87,37,'Est nemo itaque eos quaerat. Magni aut illo architecto incidunt excepturi deserunt. Est neque dolores in deserunt maxime. Dolor est soluta quia consequuntur officia.',1,0,'1949-05-21 07:40:57'),(188,88,88,38,'Unde minima provident vitae. Itaque et sint a ut eos impedit. Ullam nemo est sint similique excepturi.',1,0,'1924-01-24 10:30:13'),(189,89,89,39,'Est et excepturi ipsa mollitia est. Quas rerum dolorem quae beatae illum nam id. Et rem voluptatem porro in iusto placeat laborum. Facilis sed recusandae ullam provident provident. Doloremque omnis ut optio tempore molestias aut magni.',0,0,'2020-02-13 02:25:36'),(190,90,90,40,'Nesciunt et reprehenderit vel ea ex et. Quae omnis natus qui. Cum repudiandae veniam error quis qui.',0,1,'1987-08-27 23:51:47'),(191,91,91,41,'Veritatis maiores aspernatur dignissimos nulla mollitia vel ut et. Consequatur non totam aut ullam consectetur. Voluptatibus provident accusamus debitis illum adipisci quae asperiores quos. Asperiores et qui veritatis suscipit et aut. Dicta quia quae porro sit illo eum laudantium omnis.',1,0,'2010-08-27 21:42:39'),(192,92,92,42,'Et explicabo inventore harum sed sapiente ut distinctio ut. Et distinctio possimus nulla cum. Perspiciatis eligendi incidunt sit dolore eius. Dolores aut vel facere sunt quam architecto.',0,1,'1950-11-07 21:50:41'),(193,93,93,43,'Repudiandae maiores enim nihil natus dolorem. Earum ipsam quos ea maxime. Mollitia quis voluptas autem dolore voluptate.',0,1,'1976-07-10 09:05:57'),(194,94,94,44,'Non impedit cupiditate provident officiis aspernatur nostrum voluptatem. Autem et at ut qui eligendi. Aliquam ea expedita placeat et necessitatibus modi quam.',1,1,'2017-04-15 12:04:01'),(195,95,95,45,'Rerum voluptatum fuga dolores placeat porro est. Atque est magnam non similique ipsa corporis saepe accusantium. Voluptatem eaque nemo porro et incidunt quod.',1,1,'1960-04-04 23:04:05'),(196,96,96,46,'Facilis qui qui voluptatum nihil nostrum fugiat. Et natus suscipit sit quam cumque architecto sed ullam. Omnis est non voluptatum non id repellendus sed qui.',1,0,'1958-06-13 20:16:41'),(197,97,97,47,'Magnam explicabo esse sequi impedit reiciendis sit ab. Iure alias aut et eum est excepturi explicabo nulla. Sunt autem blanditiis et temporibus. Quis perspiciatis libero magnam ad et ipsa nobis qui.',0,1,'1956-12-05 18:44:29'),(198,98,98,48,'Deleniti dolores nam cupiditate aliquam dolor. Deleniti et voluptas quia molestiae.',0,0,'1948-09-19 11:07:32'),(199,99,99,49,'Sunt in modi ea molestiae id mollitia. Ut id perferendis quo. Labore delectus modi perspiciatis est ex. Vitae ut nihil accusantium labore sint.',1,1,'1972-04-05 02:03:31'),(200,100,100,50,'Doloremque quaerat est qui. Non rem eveniet quia delectus maiores. Ex doloremque a consequatur fugiat voluptas quia ratione. Error sequi officiis ad perspiciatis eum optio.',1,1,'1942-05-08 11:19:05');
/*!40000 ALTER TABLE `messages` ENABLE KEYS */;
UNLOCK TABLES;

--
-- Table structure for table `profiles`
--

DROP TABLE IF EXISTS `profiles`;
/*!40101 SET @saved_cs_client     = @@character_set_client */;
/*!40101 SET character_set_client = utf8 */;
CREATE TABLE `profiles` (
  `user_id` int(10) unsigned NOT NULL,
  `gender` char(1) NOT NULL,
  `birthday` date DEFAULT NULL,
  `city` varchar(100) DEFAULT NULL,
  `country` varchar(100) DEFAULT NULL,
  PRIMARY KEY (`user_id`)
) ENGINE=InnoDB DEFAULT CHARSET=latin1;
/*!40101 SET character_set_client = @saved_cs_client */;

--
-- Dumping data for table `profiles`
--

LOCK TABLES `profiles` WRITE;
/*!40000 ALTER TABLE `profiles` DISABLE KEYS */;
INSERT INTO `profiles` VALUES (1,'f','2014-03-19','New Cordia','Liechtenstein'),(2,'f','2017-11-14','Lexiberg','Guinea'),(3,'m','2014-09-07','Smithamshire','Uganda'),(4,'m','2017-04-29','West Mavis','Finland'),(5,'f','2017-03-31','South Norris','Iceland'),(6,'f','2018-02-22','West Ginaton','Mayotte'),(7,'f','2011-06-10','Port Aniya','Turks and Caicos Islands'),(8,'f','2020-02-07','Volkmanstad','Morocco'),(9,'m','2013-06-19','Boganmouth','Malta'),(10,'f','2019-06-29','Fisherville','Netherlands Antilles'),(11,'f','2014-11-30','Gorczanyside','Christmas Island'),(12,'f','2011-03-28','Delphahaven','Qatar'),(13,'f','2017-07-30','North Kraig','Trinidad and Tobago'),(14,'f','2017-04-06','Robbview','Nepal'),(15,'f','2013-01-11','Kossfort','Martinique'),(16,'m','2011-02-17','East Andy','Armenia'),(17,'m','2013-08-29','Willtown','Turks and Caicos Islands'),(18,'f','2013-04-25','Hertabury','Anguilla'),(19,'m','2015-08-17','Agustinbury','France'),(20,'m','2015-03-05','Prestonborough','Lesotho'),(21,'m','2018-09-07','West Newton','Palau'),(22,'m','2011-11-04','New Charlotte','Ireland'),(23,'f','2019-08-07','Port Napoleon','Nicaragua'),(24,'m','2016-05-12','Chasityfurt','Saint Helena'),(25,'f','2018-09-07','Lake Deangelomouth','Hungary'),(26,'m','2010-07-23','Jaidenton','Poland'),(27,'m','2013-04-01','New Viola','Solomon Islands'),(28,'m','2014-09-17','Jasminview','New Caledonia'),(29,'m','2020-03-25','Wittingmouth','Tunisia'),(30,'m','2013-01-26','Schinnermouth','Lesotho'),(31,'f','2019-05-10','South Olen','Kyrgyz Republic'),(32,'f','2016-05-07','Skylarshire','San Marino'),(33,'m','2012-06-09','Huelsside','Haiti'),(34,'m','2019-01-09','North Breana','Armenia'),(35,'f','2012-08-12','Lake Jon','Nauru'),(36,'f','2015-12-15','North Ryannland','Niue'),(37,'m','2015-10-26','Tristianshire','Saint Helena'),(38,'f','2012-09-10','Balistreriview','Ecuador'),(39,'f','2018-11-29','Janellemouth','Tuvalu'),(40,'m','2020-04-10','North Hayden','Panama'),(41,'f','2017-11-03','Langworthburgh','Tunisia'),(42,'m','2012-08-13','South Ericka','Bhutan'),(43,'f','2016-04-29','Cormierland','Chile'),(44,'f','2020-02-22','New Nevafurt','Sri Lanka'),(45,'f','2016-10-02','Valentineside','Kazakhstan'),(46,'m','2016-03-11','New Siennastad','Niue'),(47,'f','2018-05-13','South Eloy','Moldova'),(48,'m','2013-04-03','South Kaylachester','Antarctica (the territory South of 60 deg S)'),(49,'f','2010-11-19','West Joyceberg','Lao People\'s Democratic Republic'),(50,'m','2020-03-22','Stoltenbergmouth','Uruguay'),(51,'m','2010-10-06','Hudsonfurt','Norway'),(52,'m','2018-06-05','Macejkovicmouth','Morocco'),(53,'f','2010-10-29','West Estel','Saint Lucia'),(54,'f','2014-08-01','Jeniferfort','Paraguay'),(55,'m','2010-06-08','Walkershire','Iraq'),(56,'f','2019-02-13','West Samanta','Burundi'),(57,'f','2014-09-07','New Rosemarie','Uganda'),(58,'f','2015-03-14','East Diamondberg','Libyan Arab Jamahiriya'),(59,'f','2014-02-04','West Kaitlinberg','Uganda'),(60,'m','2014-06-17','North Maxhaven','Montserrat'),(61,'m','2015-10-03','Effertzchester','Monaco'),(62,'f','2020-03-03','Demetrisburgh','Cocos (Keeling) Islands'),(63,'m','2011-04-20','North Helmerhaven','Algeria'),(64,'m','2017-10-17','West Rosendoton','China'),(65,'f','2014-01-15','Lelandville','Romania'),(66,'f','2015-10-05','Johnsonchester','Chad'),(67,'m','2016-12-15','Lake Kolby','San Marino'),(68,'f','2019-12-31','Johnnieport','Antigua and Barbuda'),(69,'m','2011-12-07','North Pedro','Guyana'),(70,'m','2014-01-09','Prohaskastad','Tokelau'),(71,'m','2020-04-18','Labadiemouth','Tuvalu'),(72,'f','2018-08-28','West Nils','Togo'),(73,'f','2016-01-08','Anastacioburgh','Cuba'),(74,'f','2016-07-02','Rohanfurt','Romania'),(75,'m','2013-06-27','Metzchester','Panama'),(76,'m','2013-03-31','Kingberg','Cocos (Keeling) Islands'),(77,'f','2013-12-05','Bartolettiport','Guam'),(78,'f','2014-09-02','Port Jerrell','United States Minor Outlying Islands'),(79,'f','2016-06-08','Goldnerville','Cyprus'),(80,'m','2011-04-09','Manuelstad','Egypt'),(81,'m','2012-04-02','North Cayla','Slovakia (Slovak Republic)'),(82,'f','2016-01-11','Nayelimouth','Taiwan'),(83,'m','2016-09-04','Hilpertchester','Angola'),(84,'m','2011-06-04','North Dessie','Aruba'),(85,'m','2012-11-29','East Dejaberg','United States Virgin Islands'),(86,'m','2016-04-12','Demariostad','Timor-Leste'),(87,'f','2018-05-09','Maymiefort','Malawi'),(88,'m','2010-12-25','Lylabury','Pakistan'),(89,'m','2019-01-12','Kossmouth','Chile'),(90,'m','2020-02-27','New Stanford','Moldova'),(91,'f','2018-05-17','Beckertown','Tokelau'),(92,'f','2015-01-07','North Katlynton','Chad'),(93,'f','2010-08-22','North Kennethtown','Saudi Arabia'),(94,'m','2014-02-23','West Deron','Honduras'),(95,'f','2016-02-25','Gabrielleburgh','Netherlands'),(96,'f','2014-07-11','Crawfordchester','El Salvador'),(97,'f','2020-04-18','New Reid','Bahrain'),(98,'m','2019-03-09','Lake Tavares','Madagascar'),(99,'m','2014-08-08','South Kenchester','Russian Federation'),(100,'f','2013-11-27','Lake Tanyafurt','Italy');
/*!40000 ALTER TABLE `profiles` ENABLE KEYS */;
UNLOCK TABLES;

--
-- Table structure for table `users`
--

DROP TABLE IF EXISTS `users`;
/*!40101 SET @saved_cs_client     = @@character_set_client */;
/*!40101 SET character_set_client = utf8 */;
CREATE TABLE `users` (
  `id` int(10) unsigned NOT NULL AUTO_INCREMENT,
  `first_name` varchar(100) NOT NULL,
  `last_name` varchar(100) NOT NULL,
  `email` varchar(120) NOT NULL,
  `phone` varchar(120) NOT NULL,
  `created_at` datetime DEFAULT CURRENT_TIMESTAMP,
  `updated_at` datetime DEFAULT CURRENT_TIMESTAMP ON UPDATE CURRENT_TIMESTAMP,
  PRIMARY KEY (`id`),
  UNIQUE KEY `email` (`email`),
  UNIQUE KEY `phone` (`phone`)
) ENGINE=InnoDB AUTO_INCREMENT=101 DEFAULT CHARSET=latin1;
/*!40101 SET character_set_client = @saved_cs_client */;

--
-- Dumping data for table `users`
--

LOCK TABLES `users` WRITE;
/*!40000 ALTER TABLE `users` DISABLE KEYS */;
INSERT INTO `users` VALUES (1,'Brennon','Torphy','olaf84@example.com','1-079-323-0244x9223','2013-05-28 21:46:08','2019-10-23 20:55:40'),(2,'Andreanne','Lang','vinnie87@example.net','120-558-1288','2018-06-01 03:38:23','2011-01-14 18:58:18'),(3,'Lucy','Trantow','roman.russel@example.com','079-397-6303','2016-11-13 11:51:05','2017-10-30 09:34:29'),(4,'Noah','Daugherty','turcotte.salvador@example.net','1-719-008-5905','2011-10-01 18:47:18','2012-06-27 16:54:45'),(5,'Eleanore','Ruecker','cormier.kasandra@example.com','904-669-9631x10352','2018-06-10 05:25:51','2016-06-05 08:09:33'),(6,'Mekhi','Hudson','price27@example.com','258-852-0763x531','2013-10-28 15:12:19','2018-04-17 17:29:22'),(7,'Jaime','Crooks','zwitting@example.net','1-185-414-0922','2012-06-18 04:54:01','2017-01-16 13:53:08'),(8,'Amber','Krajcik','jermaine85@example.org','366-391-4589','2019-05-24 07:08:18','2013-04-03 02:06:12'),(9,'Nathen','Turner','taryn41@example.com','1-385-173-4274','2020-03-23 14:19:28','2011-09-02 16:18:37'),(10,'Magali','Kozey','gutmann.isai@example.com','08595428186','2015-04-10 05:19:19','2014-01-24 06:44:12'),(11,'Allan','Kozey','ulises.wunsch@example.com','1-544-045-5679','2011-07-09 09:49:04','2017-11-30 16:14:13'),(12,'Arjun','Schmidt','qjacobi@example.com','911-757-9063x5876','2012-04-09 06:54:49','2019-11-24 11:09:59'),(13,'Viva','O\'Kon','iklocko@example.com','(921)464-4837','2012-01-25 14:21:27','2016-01-03 15:12:06'),(14,'Evangeline','Gerhold','mikayla96@example.org','866-247-8299','2017-12-19 08:26:50','2012-10-10 22:53:26'),(15,'Jaqueline','Johns','jkrajcik@example.org','924.425.5660','2013-02-07 12:16:10','2018-07-25 13:35:49'),(16,'Demetris','Auer','lparisian@example.org','992-888-1438','2015-02-08 20:01:53','2019-07-09 14:50:42'),(17,'Tess','Cummerata','jabshire@example.com','397-827-2176','2014-03-04 11:55:49','2012-09-23 21:25:40'),(18,'Rodrick','Ferry','autumn91@example.org','781.129.1950','2014-04-09 07:34:33','2017-01-09 10:03:51'),(19,'Mervin','Beier','angelo.o\'kon@example.org','1-624-327-7596x63650','2018-01-02 15:25:09','2015-04-10 07:52:18'),(20,'Ervin','Nikolaus','walker.lesch@example.net','(954)246-2698x6018','2013-09-06 07:14:29','2012-04-26 10:11:57'),(21,'Herman','Herzog','giovanny71@example.org','+46(5)6785641881','2018-10-17 22:51:30','2015-04-20 23:06:34'),(22,'Adela','Schultz','rico16@example.org','008-619-7137','2014-04-03 00:13:22','2017-05-14 00:16:28'),(23,'Nick','Harvey','lschinner@example.com','527-336-2430x8586','2016-10-23 10:39:53','2016-02-06 16:21:03'),(24,'Lempi','Flatley','hintz.franco@example.org','1-539-614-6603','2011-12-31 21:11:14','2013-03-28 09:32:01'),(25,'Horacio','Willms','alfredo32@example.com','367.158.3118','2013-08-15 11:13:03','2013-09-30 03:01:23'),(26,'Quentin','Heidenreich','xdaniel@example.net','(704)599-6924','2013-07-17 11:49:38','2010-12-22 03:17:53'),(27,'Abdiel','Walter','will.alyson@example.org','(985)334-2440x1768','2010-07-04 00:04:51','2012-07-23 17:31:17'),(28,'Reva','Murphy','lisette65@example.com','(082)129-2791','2017-11-12 02:50:18','2010-10-20 02:45:57'),(29,'Domenico','Murray','loraine47@example.net','(886)004-0366','2019-07-15 17:18:17','2017-01-21 17:02:06'),(30,'Charley','Willms','efriesen@example.org','(206)756-1058x036','2017-08-15 23:50:12','2013-07-31 17:54:56'),(31,'Francesco','Schowalter','shania.block@example.net','+65(1)1981669577','2012-03-13 23:46:11','2015-09-20 14:47:07'),(32,'Mckayla','Mitchell','iaufderhar@example.org','(650)284-4739x86465','2018-07-08 10:42:02','2012-06-16 23:51:30'),(33,'Samara','Hagenes','rhaley@example.org','1-901-355-7599','2016-11-17 03:55:07','2013-05-12 06:13:42'),(34,'Grady','Thompson','gottlieb.braden@example.net','1-525-840-6038','2016-11-08 23:26:16','2014-11-09 11:57:04'),(35,'Clay','Runolfsson','jerde.vilma@example.com','03743341815','2019-12-25 02:18:29','2011-11-01 13:17:28'),(36,'Zoila','Witting','rafaela93@example.com','02793635722','2019-04-03 08:09:15','2018-07-22 22:36:43'),(37,'Sam','Willms','anabel.bartell@example.org','577-094-2800x2595','2019-04-27 12:49:28','2019-01-17 19:43:25'),(38,'Abel','O\'Reilly','hermann.bertrand@example.net','(114)330-5207x466','2010-05-20 03:58:43','2015-09-27 14:00:02'),(39,'Zoe','O\'Conner','windler.samir@example.org','1-214-311-2295','2011-08-16 04:38:16','2013-05-29 08:50:08'),(40,'Gordon','Lockman','reid17@example.com','(068)499-4268','2016-01-24 12:12:21','2012-09-08 07:06:01'),(41,'Lance','Haley','wcollins@example.net','066.963.0817','2012-10-01 04:47:06','2018-01-10 13:57:21'),(42,'Laron','Zboncak','judy.kemmer@example.com','1-191-827-4633x953','2012-12-28 06:42:54','2017-07-21 20:26:21'),(43,'Hipolito','Goodwin','valentine.franecki@example.net','(773)801-2458x90473','2012-07-30 13:01:58','2016-04-30 17:21:04'),(44,'Helene','Howe','bode.bianka@example.net','500.212.4140x80939','2015-10-06 05:07:53','2013-01-16 14:05:54'),(45,'Harrison','Metz','ykutch@example.org','1-611-005-9607x12004','2012-01-25 04:53:58','2014-08-06 11:27:52'),(46,'Darwin','Schiller','sschumm@example.com','158-624-6942','2011-02-20 21:57:09','2014-04-18 13:45:19'),(47,'Dedrick','Zemlak','shayna34@example.com','04825956767','2012-12-21 19:00:22','2018-03-22 09:28:10'),(48,'Pearlie','Weimann','shane69@example.org','276.354.0774','2015-06-25 09:19:51','2013-04-22 11:03:36'),(49,'Oswaldo','Jacobson','claire.anderson@example.net','(362)241-8678','2020-03-07 18:45:07','2019-02-21 16:37:54'),(50,'Clement','White','lukas83@example.org','854-679-7816x0943','2012-10-10 04:49:41','2017-07-18 08:24:40'),(51,'Bernadette','Erdman','quitzon.loy@example.com','+26(3)7699951508','2012-02-05 06:36:59','2015-06-24 17:07:39'),(52,'Kayleigh','Ruecker','boehm.kaya@example.net','139-892-6891x59265','2014-03-22 19:29:05','2014-06-14 06:12:21'),(53,'Monty','Boyle','candace.bogisich@example.org','05672683025','2018-12-02 05:25:14','2013-07-08 04:28:25'),(54,'Timmothy','Gislason','elian.barton@example.net','956-314-0399x961','2012-05-22 05:36:29','2014-12-24 14:59:41'),(55,'Danyka','Orn','uadams@example.com','(923)744-8725','2010-09-12 07:32:13','2013-03-08 12:10:50'),(56,'Thad','Crist','reba.robel@example.net','06945502991','2018-10-13 21:18:15','2012-05-24 13:05:02'),(57,'Alex','Connelly','janis90@example.com','172-175-2503','2013-12-22 15:42:24','2018-12-14 22:40:03'),(58,'Hans','Waters','upouros@example.net','+82(3)3313093330','2017-07-17 07:59:00','2016-10-03 02:52:44'),(59,'Nia','Wilderman','fbauch@example.com','874.803.1784x43950','2019-03-31 11:39:29','2016-06-20 12:21:22'),(60,'Verona','Bailey','fahey.mossie@example.org','1-769-977-5806x397','2018-07-10 14:49:36','2015-06-13 18:22:03'),(61,'Major','Dickens','lebsack.amina@example.net','(446)679-0467x29909','2018-12-06 02:13:17','2015-08-01 08:15:41'),(62,'Eleanora','Crona','nina12@example.org','+53(9)0822545012','2010-05-05 15:15:55','2016-01-19 14:32:55'),(63,'Elody','Herzog','lsporer@example.com','389-523-5301x8557','2019-06-30 21:31:00','2018-08-19 20:26:04'),(64,'Alexander','Graham','nikki.conn@example.com','+97(8)6042113326','2014-03-01 13:53:59','2016-09-06 21:59:21'),(65,'Dorothea','Casper','qstroman@example.net','339.219.9128x626','2018-12-01 04:03:44','2011-06-29 20:19:30'),(66,'Noble','Reichert','metz.isabella@example.com','(115)212-7382x412','2010-10-09 21:21:00','2020-03-02 00:10:47'),(67,'Rodrick','Wolf','eabernathy@example.com','(651)794-1460','2020-04-07 11:45:34','2019-01-13 16:35:46'),(68,'Friedrich','Schaefer','josh.lang@example.net','520-582-1972x11965','2017-03-17 11:32:50','2013-03-01 10:17:20'),(69,'Winifred','Labadie','vmurray@example.net','465.405.5961','2012-06-03 16:53:18','2016-04-05 07:36:18'),(70,'Ricardo','Dickens','schmidt.johanna@example.net','(553)153-8582','2010-06-30 11:15:01','2018-09-14 19:16:16'),(71,'Maya','Little','hparisian@example.org','1-164-652-5951x42171','2018-01-31 20:00:23','2016-10-23 20:47:24'),(72,'Marilou','Daniel','peichmann@example.org','388.791.5214','2020-04-02 11:05:42','2015-11-25 16:05:48'),(73,'Winfield','Witting','carroll.blaze@example.com','+24(8)0340216783','2020-04-07 05:28:36','2013-01-08 02:32:42'),(74,'Margot','Price','frobel@example.net','857-274-0565x75745','2018-10-21 03:15:50','2017-09-25 14:44:26'),(75,'Damon','Cronin','reilly.ubaldo@example.org','+77(4)9726114773','2014-10-15 20:47:10','2015-06-06 11:54:32'),(76,'Rosalinda','Muller','odaugherty@example.org','1-870-862-9056x521','2013-02-27 23:14:27','2015-06-05 11:50:53'),(77,'Rahsaan','Schamberger','merritt42@example.com','1-891-653-9886','2017-04-18 06:28:57','2011-01-18 00:58:35'),(78,'Marlin','Douglas','rskiles@example.com','(305)861-2463','2011-12-19 16:24:11','2011-05-03 05:49:25'),(79,'Pinkie','Funk','alberto.bahringer@example.com','560.019.6690x15520','2013-02-18 01:18:06','2018-01-05 07:54:41'),(80,'Josh','Fisher','doyle.weldon@example.com','859-859-3595x34245','2017-07-03 04:08:13','2014-10-08 01:58:07'),(81,'Ford','Miller','rrosenbaum@example.org','06977882422','2012-10-03 06:52:56','2016-12-08 16:39:49'),(82,'Robyn','Kunze','oschmeler@example.com','1-135-354-9606x5085','2015-03-30 02:23:45','2016-07-03 16:25:36'),(83,'Sabina','Funk','estell.conroy@example.net','419-412-5827x807','2018-11-05 15:20:19','2012-02-21 22:42:12'),(84,'Holden','Dickens','schmeler.stanton@example.net','+99(1)3512251167','2014-03-04 14:49:08','2015-07-04 12:56:05'),(85,'Pierre','Erdman','reid.russel@example.com','(141)167-3182','2013-06-23 02:23:34','2018-11-07 19:30:16'),(86,'Ona','Heller','adolfo.fahey@example.com','(017)235-2147x42938','2017-07-31 17:08:57','2011-04-14 22:37:16'),(87,'Gerard','Sipes','walker.huels@example.com','218-767-4068x809','2015-12-04 10:20:56','2016-04-02 18:44:21'),(88,'Gregorio','Mertz','marcos.mraz@example.net','07491819429','2012-01-26 23:48:49','2015-05-22 22:34:10'),(89,'Callie','Lynch','wo\'connell@example.org','274.284.1407x61125','2019-03-22 05:01:31','2018-10-11 14:08:30'),(90,'Jude','Mann','vcollier@example.org','694.831.3000','2017-03-28 02:31:41','2019-11-06 09:22:10'),(91,'Asa','Ebert','mohamed21@example.com','(894)849-5027','2013-04-20 17:36:40','2019-01-01 01:18:34'),(92,'Jamal','Hudson','rsmith@example.net','(246)511-4970','2020-03-02 03:25:59','2018-05-05 18:30:59'),(93,'Elliot','Wunsch','kerluke.breana@example.com','294-679-2532','2017-09-27 18:36:36','2014-02-26 05:05:07'),(94,'Jaunita','Gutmann','bode.marta@example.net','811-344-3657','2017-04-19 05:09:22','2017-11-30 13:12:00'),(95,'Martina','Barton','alexanne28@example.org','457-713-0822x187','2017-12-28 03:09:23','2017-05-20 20:47:51'),(96,'Benedict','Block','usmith@example.org','1-576-039-0094x223','2019-11-12 07:00:20','2019-12-23 22:28:08'),(97,'Makenna','Wisozk','joanny53@example.net','196-853-1987','2010-07-22 15:51:24','2012-12-12 20:35:51'),(98,'Toy','Thompson','sylvester.pagac@example.com','953-169-2105x689','2019-08-07 02:07:49','2017-02-12 06:37:23'),(99,'Rocky','Luettgen','thermann@example.com','00755741191','2015-10-09 11:44:29','2018-02-21 17:59:05'),(100,'Rodolfo','Wunsch','bdickinson@example.com','1-664-047-8101x7556','2018-09-05 18:23:25','2019-02-11 06:19:53');
/*!40000 ALTER TABLE `users` ENABLE KEYS */;
UNLOCK TABLES;
/*!40103 SET TIME_ZONE=@OLD_TIME_ZONE */;

/*!40101 SET SQL_MODE=@OLD_SQL_MODE */;
/*!40014 SET FOREIGN_KEY_CHECKS=@OLD_FOREIGN_KEY_CHECKS */;
/*!40014 SET UNIQUE_CHECKS=@OLD_UNIQUE_CHECKS */;
/*!40101 SET CHARACTER_SET_CLIENT=@OLD_CHARACTER_SET_CLIENT */;
/*!40101 SET CHARACTER_SET_RESULTS=@OLD_CHARACTER_SET_RESULTS */;
/*!40101 SET COLLATION_CONNECTION=@OLD_COLLATION_CONNECTION */;
/*!40111 SET SQL_NOTES=@OLD_SQL_NOTES */;

-- Dump completed on 2020-04-29 23:29:14
